"Depth (m)"	"5 keV/R"	"1 uR"	"1 mR"	"10 mR"	"20 mR"	"30 mR"	"40 mR"	"50 mR"	"75 mR"	"100 mR"
0.00E+00	2.20E+14	2.20E+08	2.20E+11	2.20E+12	4.40E+12	6.59E+12	8.79E+12	1.10E+13	16485900000000	2.20E+13
4.00E-07	2.15E+14	2.15E+08	2.15E+11	2.15E+12	4.30E+12	6.45E+12	8.59E+12	1.07E+13	16113750000000	2.15E+13
8.00E-07	2.10E+14	2.10E+08	2.10E+11	2.10E+12	4.20E+12	6.30E+12	8.40E+12	1.05E+13	15749925000000	2.10E+13
1.20E-06	2.05E+14	2.05E+08	2.05E+11	2.05E+12	4.11E+12	6.16E+12	8.21E+12	1.03E+13	15394350000000	2.05E+13
1.60E-06	2.01E+14	2.01E+08	2.01E+11	2.01E+12	4.01E+12	6.02E+12	8.02E+12	1.00E+13	15046800000000	2.01E+13
2.00E-06	1.96E+14	1.96E+08	1.96E+11	1.96E+12	3.92E+12	5.88E+12	7.84E+12	9.80E+12	14707050000000	1.96E+13
2.40E-06	1.92E+14	1.92E+08	1.92E+11	1.92E+12	3.83E+12	5.75E+12	7.67E+12	9.58E+12	14375025000000	1.92E+13
2.80E-06	1.87E+14	1.87E+08	1.87E+11	1.87E+12	3.75E+12	5.62E+12	7.49E+12	9.37E+12	14050500000000	1.87E+13
3.20E-06	1.83E+14	1.83E+08	1.83E+11	1.83E+12	3.66E+12	5.49E+12	7.32E+12	9.16E+12	13733250000000	1.83E+13
3.60E-06	1.79E+14	1.79E+08	1.79E+11	1.79E+12	3.58E+12	5.37E+12	7.16E+12	8.95E+12	13423200000000	1.79E+13
4.00E-06	1.75E+14	1.75E+08	1.75E+11	1.75E+12	3.50E+12	5.25E+12	7.00E+12	8.75E+12	13120200000000	1.75E+13
4.40E-06	1.71E+14	1.71E+08	1.71E+11	1.71E+12	3.42E+12	5.13E+12	6.84E+12	8.55E+12	12823950000000	1.71E+13
4.80E-06	1.67E+14	1.67E+08	1.67E+11	1.67E+12	3.34E+12	5.01E+12	6.69E+12	8.36E+12	12534450000000	1.67E+13
5.20E-06	1.63E+14	1.63E+08	1.63E+11	1.63E+12	3.27E+12	4.90E+12	6.53E+12	8.17E+12	12251475000000	1.63E+13
5.60E-06	1.60E+14	1.60E+08	1.60E+11	1.60E+12	3.19E+12	4.79E+12	6.39E+12	7.98E+12	11974875000000	1.60E+13
6.00E-06	1.56E+14	1.56E+08	1.56E+11	1.56E+12	3.12E+12	4.68E+12	6.24E+12	7.80E+12	11704500000000	1.56E+13
6.40E-06	1.53E+14	1.53E+08	1.53E+11	1.53E+12	3.05E+12	4.58E+12	6.10E+12	7.63E+12	11440200000000	1.53E+13
6.80E-06	1.49E+14	1.49E+08	1.49E+11	1.49E+12	2.98E+12	4.47E+12	5.96E+12	7.45E+12	11181975000000	1.49E+13
7.20E-06	1.46E+14	1.46E+08	1.46E+11	1.46E+12	2.91E+12	4.37E+12	5.83E+12	7.29E+12	10929525000000	1.46E+13
7.60E-06	1.42E+14	1.42E+08	1.42E+11	1.42E+12	2.85E+12	4.27E+12	5.70E+12	7.12E+12	10682775000000	1.42E+13
8.00E-06	1.39E+14	1.39E+08	1.39E+11	1.39E+12	2.78E+12	4.18E+12	5.57E+12	6.96E+12	10441575000000	1.39E+13
8.40E-06	1.36E+14	1.36E+08	1.36E+11	1.36E+12	2.72E+12	4.08E+12	5.44E+12	6.80E+12	10205850000000	1.36E+13
8.80E-06	1.33E+14	1.33E+08	1.33E+11	1.33E+12	2.66E+12	3.99E+12	5.32E+12	6.65E+12	9975375000000	1.33E+13
9.20E-06	1.30E+14	1.30E+08	1.30E+11	1.30E+12	2.60E+12	3.90E+12	5.20E+12	6.50E+12	9750225000000	1.30E+13
9.60E-06	1.27E+14	1.27E+08	1.27E+11	1.27E+12	2.54E+12	3.81E+12	5.08E+12	6.35E+12	9530025000000	1.27E+13
1.00E-05	1.24E+14	1.24E+08	1.24E+11	1.24E+12	2.48E+12	3.73E+12	4.97E+12	6.21E+12	9314925000000	1.24E+13
1.04E-05	1.21E+14	1.21E+08	1.21E+11	1.21E+12	2.43E+12	3.64E+12	4.86E+12	6.07E+12	9104625000000	1.21E+13
1.08E-05	1.19E+14	1.19E+08	1.19E+11	1.19E+12	2.37E+12	3.56E+12	4.75E+12	5.93E+12	8899050000000	1.19E+13
1.12E-05	1.16E+14	1.16E+08	1.16E+11	1.16E+12	2.32E+12	3.48E+12	4.64E+12	5.80E+12	8698125000000	1.16E+13
1.16E-05	1.13E+14	1.13E+08	1.13E+11	1.13E+12	2.27E+12	3.40E+12	4.53E+12	5.67E+12	8501775000000	1.13E+13
1.20E-05	1.11E+14	1.11E+08	1.11E+11	1.11E+12	2.22E+12	3.32E+12	4.43E+12	5.54E+12	8309850000000	1.11E+13
1.24E-05	1.08E+14	1.08E+08	1.08E+11	1.08E+12	2.17E+12	3.25E+12	4.33E+12	5.41E+12	8122200000000	1.08E+13
1.28E-05	1.06E+14	1.06E+08	1.06E+11	1.06E+12	2.12E+12	3.18E+12	4.23E+12	5.29E+12	7938825000000	1.06E+13
1.32E-05	1.03E+14	1.03E+08	1.03E+11	1.03E+12	2.07E+12	3.10E+12	4.14E+12	5.17E+12	7759575000000	1.03E+13
1.36E-05	1.01E+14	1.01E+08	1.01E+11	1.01E+12	2.02E+12	3.03E+12	4.05E+12	5.06E+12	7584375000000	1.01E+13
1.40E-05	9.88E+13	9.88E+07	9.88E+10	9.88E+11	1.98E+12	2.97E+12	3.95E+12	4.94E+12	7413172500000	9.88E+12
1.44E-05	9.66E+13	9.66E+07	9.66E+10	9.66E+11	1.93E+12	2.90E+12	3.86E+12	4.83E+12	7245810000000	9.66E+12
1.48E-05	9.44E+13	9.44E+07	9.44E+10	9.44E+11	1.89E+12	2.83E+12	3.78E+12	4.72E+12	7082220000000	9.44E+12
1.52E-05	9.23E+13	9.23E+07	9.23E+10	9.23E+11	1.85E+12	2.77E+12	3.69E+12	4.61E+12	6922327500000	9.23E+12
1.56E-05	9.02E+13	9.02E+07	9.02E+10	9.02E+11	1.80E+12	2.71E+12	3.61E+12	4.51E+12	6766042500000	9.02E+12
1.60E-05	8.82E+13	8.82E+07	8.82E+10	8.82E+11	1.76E+12	2.65E+12	3.53E+12	4.41E+12	6613282500000	8.82E+12
1.64E-05	8.62E+13	8.62E+07	8.62E+10	8.62E+11	1.72E+12	2.59E+12	3.45E+12	4.31E+12	6463972500000	8.62E+12
1.68E-05	8.42E+13	8.42E+07	8.42E+10	8.42E+11	1.68E+12	2.53E+12	3.37E+12	4.21E+12	6318037500000	8.42E+12
1.72E-05	8.23E+13	8.23E+07	8.23E+10	8.23E+11	1.65E+12	2.47E+12	3.29E+12	4.12E+12	6175395000000	8.23E+12
1.76E-05	8.05E+13	8.05E+07	8.05E+10	8.05E+11	1.61E+12	2.41E+12	3.22E+12	4.02E+12	6035977500000	8.05E+12
1.80E-05	7.87E+13	7.87E+07	7.87E+10	7.87E+11	1.57E+12	2.36E+12	3.15E+12	3.93E+12	5899702500000	7.87E+12
1.84E-05	7.69E+13	7.69E+07	7.69E+10	7.69E+11	1.54E+12	2.31E+12	3.08E+12	3.84E+12	5766502500000	7.69E+12
1.88E-05	7.52E+13	7.52E+07	7.52E+10	7.52E+11	1.50E+12	2.25E+12	3.01E+12	3.76E+12	5636317500000	7.52E+12
1.92E-05	7.35E+13	7.35E+07	7.35E+10	7.35E+11	1.47E+12	2.20E+12	2.94E+12	3.67E+12	5509065000000	7.35E+12
1.96E-05	7.18E+13	7.18E+07	7.18E+10	7.18E+11	1.44E+12	2.15E+12	2.87E+12	3.59E+12	5384685000000	7.18E+12
2.00E-05	7.02E+13	7.02E+07	7.02E+10	7.02E+11	1.40E+12	2.11E+12	2.81E+12	3.51E+12	5263117500000	7.02E+12
2.04E-05	6.86E+13	6.86E+07	6.86E+10	6.86E+11	1.37E+12	2.06E+12	2.74E+12	3.43E+12	5144295000000	6.86E+12
2.08E-05	6.70E+13	6.70E+07	6.70E+10	6.70E+11	1.34E+12	2.01E+12	2.68E+12	3.35E+12	5028150000000	6.70E+12
2.12E-05	6.55E+13	6.55E+07	6.55E+10	6.55E+11	1.31E+12	1.97E+12	2.62E+12	3.28E+12	4914630000000	6.55E+12
2.16E-05	6.40E+13	6.40E+07	6.40E+10	6.40E+11	1.28E+12	1.92E+12	2.56E+12	3.20E+12	4803675000000	6.40E+12
2.20E-05	6.26E+13	6.26E+07	6.26E+10	6.26E+11	1.25E+12	1.88E+12	2.50E+12	3.13E+12	4695217500000	6.26E+12
2.24E-05	6.12E+13	6.12E+07	6.12E+10	6.12E+11	1.22E+12	1.84E+12	2.45E+12	3.06E+12	4589220000000	6.12E+12
2.28E-05	5.98E+13	5.98E+07	5.98E+10	5.98E+11	1.20E+12	1.79E+12	2.39E+12	2.99E+12	4485607500000	5.98E+12
2.32E-05	5.85E+13	5.85E+07	5.85E+10	5.85E+11	1.17E+12	1.75E+12	2.34E+12	2.92E+12	4384335000000	5.85E+12
2.36E-05	5.71E+13	5.71E+07	5.71E+10	5.71E+11	1.14E+12	1.71E+12	2.29E+12	2.86E+12	4285350000000	5.71E+12
2.40E-05	5.58E+13	5.58E+07	5.58E+10	5.58E+11	1.12E+12	1.68E+12	2.23E+12	2.79E+12	4188600000000	5.58E+12
2.44E-05	5.46E+13	5.46E+07	5.46E+10	5.46E+11	1.09E+12	1.64E+12	2.18E+12	2.73E+12	4094032500000	5.46E+12
2.48E-05	5.34E+13	5.34E+07	5.34E+10	5.34E+11	1.07E+12	1.60E+12	2.13E+12	2.67E+12	4001602500000	5.34E+12
2.52E-05	5.22E+13	5.22E+07	5.22E+10	5.22E+11	1.04E+12	1.56E+12	2.09E+12	2.61E+12	3911257500000	5.22E+12
2.56E-05	5.10E+13	5.10E+07	5.10E+10	5.10E+11	1.02E+12	1.53E+12	2.04E+12	2.55E+12	3822960000000	5.10E+12
2.60E-05	4.98E+13	4.98E+07	4.98E+10	4.98E+11	9.96E+11	1.49E+12	1.99E+12	2.49E+12	3736642500000	4.98E+12
2.64E-05	4.87E+13	4.87E+07	4.87E+10	4.87E+11	9.74E+11	1.46E+12	1.95E+12	2.43E+12	3652282500000	4.87E+12
2.68E-05	4.76E+13	4.76E+07	4.76E+10	4.76E+11	9.52E+11	1.43E+12	1.90E+12	2.38E+12	3569827500000	4.76E+12
2.72E-05	4.65E+13	4.65E+07	4.65E+10	4.65E+11	9.30E+11	1.40E+12	1.86E+12	2.33E+12	3489232500000	4.65E+12
2.76E-05	4.55E+13	4.55E+07	4.55E+10	4.55E+11	9.09E+11	1.36E+12	1.82E+12	2.27E+12	3410452500000	4.55E+12
2.80E-05	4.44E+13	4.44E+07	4.44E+10	4.44E+11	8.89E+11	1.33E+12	1.78E+12	2.22E+12	3333457500000	4.44E+12
2.84E-05	4.34E+13	4.34E+07	4.34E+10	4.34E+11	8.69E+11	1.30E+12	1.74E+12	2.17E+12	3258195000000	4.34E+12
2.88E-05	4.25E+13	4.25E+07	4.25E+10	4.25E+11	8.49E+11	1.27E+12	1.70E+12	2.12E+12	3184635000000	4.25E+12
2.92E-05	4.15E+13	4.15E+07	4.15E+10	4.15E+11	8.30E+11	1.25E+12	1.66E+12	2.08E+12	3112740000000	4.15E+12
2.96E-05	4.06E+13	4.06E+07	4.06E+10	4.06E+11	8.11E+11	1.22E+12	1.62E+12	2.03E+12	3042465000000	4.06E+12
3.00E-05	3.97E+13	3.97E+07	3.97E+10	3.97E+11	7.93E+11	1.19E+12	1.59E+12	1.98E+12	2973772500000	3.97E+12
3.04E-05	3.88E+13	3.88E+07	3.88E+10	3.88E+11	7.75E+11	1.16E+12	1.55E+12	1.94E+12	2906632500000	3.88E+12
3.08E-05	3.79E+13	3.79E+07	3.79E+10	3.79E+11	7.58E+11	1.14E+12	1.52E+12	1.89E+12	2841015000000	3.79E+12
3.12E-05	3.70E+13	3.70E+07	3.70E+10	3.70E+11	7.40E+11	1.11E+12	1.48E+12	1.85E+12	2776867500000	3.70E+12
3.16E-05	3.62E+13	3.62E+07	3.62E+10	3.62E+11	7.24E+11	1.09E+12	1.45E+12	1.81E+12	2714175000000	3.62E+12
3.20E-05	3.54E+13	3.54E+07	3.54E+10	3.54E+11	7.07E+11	1.06E+12	1.41E+12	1.77E+12	2652900000000	3.54E+12
3.24E-05	3.46E+13	3.46E+07	3.46E+10	3.46E+11	6.91E+11	1.04E+12	1.38E+12	1.73E+12	2593005000000	3.46E+12
3.28E-05	3.38E+13	3.38E+07	3.38E+10	3.38E+11	6.76E+11	1.01E+12	1.35E+12	1.69E+12	2534460000000	3.38E+12
3.32E-05	3.30E+13	3.30E+07	3.30E+10	3.30E+11	6.61E+11	9.91E+11	1.32E+12	1.65E+12	2477242500000	3.30E+12
3.36E-05	3.23E+13	3.23E+07	3.23E+10	3.23E+11	6.46E+11	9.69E+11	1.29E+12	1.61E+12	2421315000000	3.23E+12
3.40E-05	3.16E+13	3.16E+07	3.16E+10	3.16E+11	6.31E+11	9.47E+11	1.26E+12	1.58E+12	2366647500000	3.16E+12
3.44E-05	3.08E+13	3.08E+07	3.08E+10	3.08E+11	6.17E+11	9.25E+11	1.23E+12	1.54E+12	2313217500000	3.08E+12
3.48E-05	3.01E+13	3.01E+07	3.01E+10	3.01E+11	6.03E+11	9.04E+11	1.21E+12	1.51E+12	2260995000000	3.01E+12
3.52E-05	2.95E+13	2.95E+07	2.95E+10	2.95E+11	5.89E+11	8.84E+11	1.18E+12	1.47E+12	2209942500000	2.95E+12
3.56E-05	2.88E+13	2.88E+07	2.88E+10	2.88E+11	5.76E+11	8.64E+11	1.15E+12	1.44E+12	2160052500000	2.88E+12
3.60E-05	2.82E+13	2.82E+07	2.82E+10	2.82E+11	5.63E+11	8.45E+11	1.13E+12	1.41E+12	2111287500000	2.82E+12
3.64E-05	2.75E+13	2.75E+07	2.75E+10	2.75E+11	5.50E+11	8.25E+11	1.10E+12	1.38E+12	2063617500000	2.75E+12
3.68E-05	2.69E+13	2.69E+07	2.69E+10	2.69E+11	5.38E+11	8.07E+11	1.08E+12	1.34E+12	2017027500000	2.69E+12
3.72E-05	2.63E+13	2.63E+07	2.63E+10	2.63E+11	5.26E+11	7.89E+11	1.05E+12	1.31E+12	1971487500000	2.63E+12
3.76E-05	2.57E+13	2.57E+07	2.57E+10	2.57E+11	5.14E+11	7.71E+11	1.03E+12	1.28E+12	1926982500000	2.57E+12
3.80E-05	2.51E+13	2.51E+07	2.51E+10	2.51E+11	5.02E+11	7.53E+11	1.00E+12	1.26E+12	1883475000000	2.51E+12
3.84E-05	2.45E+13	2.45E+07	2.45E+10	2.45E+11	4.91E+11	7.36E+11	9.82E+11	1.23E+12	1840950000000	2.45E+12
3.88E-05	2.40E+13	2.40E+07	2.40E+10	2.40E+11	4.80E+11	7.20E+11	9.60E+11	1.20E+12	1799385000000	2.40E+12
3.92E-05	2.35E+13	2.35E+07	2.35E+10	2.35E+11	4.69E+11	7.04E+11	9.38E+11	1.17E+12	1758765000000	2.35E+12
3.96E-05	2.29E+13	2.29E+07	2.29E+10	2.29E+11	4.58E+11	6.88E+11	9.17E+11	1.15E+12	1719052500000	2.29E+12
4.00E-05	2.24E+13	2.24E+07	2.24E+10	2.24E+11	4.48E+11	6.72E+11	8.96E+11	1.12E+12	1680247500000	2.24E+12
4.04E-05	2.19E+13	2.19E+07	2.19E+10	2.19E+11	4.38E+11	6.57E+11	8.76E+11	1.09E+12	1642312500000	2.19E+12
4.08E-05	2.14E+13	2.14E+07	2.14E+10	2.14E+11	4.28E+11	6.42E+11	8.56E+11	1.07E+12	1605232500000	2.14E+12
4.12E-05	2.09E+13	2.09E+07	2.09E+10	2.09E+11	4.18E+11	6.28E+11	8.37E+11	1.05E+12	1568992500000	2.09E+12
4.16E-05	2.04E+13	2.04E+07	2.04E+10	2.04E+11	4.09E+11	6.13E+11	8.18E+11	1.02E+12	1533570000000	2.04E+12
4.20E-05	2.00E+13	2.00E+07	2.00E+10	2.00E+11	4.00E+11	6.00E+11	7.99E+11	9.99E+11	1498942500000	2.00E+12
4.24E-05	1.95E+13	1.95E+07	1.95E+10	1.95E+11	3.91E+11	5.86E+11	7.81E+11	9.77E+11	1465102500000	1.95E+12
4.28E-05	1.91E+13	1.91E+07	1.91E+10	1.91E+11	3.82E+11	5.73E+11	7.64E+11	9.55E+11	1432027500000	1.91E+12
4.32E-05	1.87E+13	1.87E+07	1.87E+10	1.87E+11	3.73E+11	5.60E+11	7.47E+11	9.33E+11	1399695000000	1.87E+12
4.36E-05	1.82E+13	1.82E+07	1.82E+10	1.82E+11	3.65E+11	5.47E+11	7.30E+11	9.12E+11	1368097500000	1.82E+12
4.40E-05	1.78E+13	1.78E+07	1.78E+10	1.78E+11	3.57E+11	5.35E+11	7.13E+11	8.91E+11	1337205000000	1.78E+12
4.44E-05	1.74E+13	1.74E+07	1.74E+10	1.74E+11	3.49E+11	5.23E+11	6.97E+11	8.71E+11	1307017500000	1.74E+12
4.48E-05	1.70E+13	1.70E+07	1.70E+10	1.70E+11	3.41E+11	5.11E+11	6.81E+11	8.52E+11	1277505000000	1.70E+12
4.52E-05	1.66E+13	1.66E+07	1.66E+10	1.66E+11	3.33E+11	4.99E+11	6.66E+11	8.32E+11	1248667500000	1.66E+12
4.56E-05	1.63E+13	1.63E+07	1.63E+10	1.63E+11	3.25E+11	4.88E+11	6.51E+11	8.14E+11	1220475000000	1.63E+12
4.60E-05	1.59E+13	1.59E+07	1.59E+10	1.59E+11	3.18E+11	4.77E+11	6.36E+11	7.95E+11	1192920000000	1.59E+12
4.64E-05	1.55E+13	1.55E+07	1.55E+10	1.55E+11	3.11E+11	4.66E+11	6.22E+11	7.77E+11	1165987500000	1.55E+12
4.68E-05	1.52E+13	1.52E+07	1.52E+10	1.52E+11	3.04E+11	4.56E+11	6.08E+11	7.60E+11	1139662500000	1.52E+12
4.72E-05	1.49E+13	1.49E+07	1.49E+10	1.49E+11	2.97E+11	4.46E+11	5.94E+11	7.43E+11	1113930000000	1.49E+12
4.76E-05	1.45E+13	1.45E+07	1.45E+10	1.45E+11	2.90E+11	4.36E+11	5.81E+11	7.26E+11	1088782500000	1.45E+12
4.80E-05	1.42E+13	1.42E+07	1.42E+10	1.42E+11	2.84E+11	4.26E+11	5.68E+11	7.09E+11	1064205000000	1.42E+12
4.84E-05	1.39E+13	1.39E+07	1.39E+10	1.39E+11	2.77E+11	4.16E+11	5.55E+11	6.93E+11	1040175000000	1.39E+12
4.88E-05	1.36E+13	1.36E+07	1.36E+10	1.36E+11	2.71E+11	4.07E+11	5.42E+11	6.78E+11	1016692500000	1.36E+12
4.92E-05	1.32E+13	1.32E+07	1.32E+10	1.32E+11	2.65E+11	3.97E+11	5.30E+11	6.62E+11	993742500000	1.32E+12
4.96E-05	1.30E+13	1.30E+07	1.30E+10	1.30E+11	2.59E+11	3.89E+11	5.18E+11	6.48E+11	971302500000	1.30E+12
5.00E-05	1.27E+13	1.27E+07	1.27E+10	1.27E+11	2.53E+11	3.80E+11	5.06E+11	6.33E+11	949372500000	1.27E+12
5.04E-05	1.24E+13	1.24E+07	1.24E+10	1.24E+11	2.47E+11	3.71E+11	4.95E+11	6.19E+11	927937500000	1.24E+12
5.08E-05	1.21E+13	1.21E+07	1.21E+10	1.21E+11	2.42E+11	3.63E+11	4.84E+11	6.05E+11	906990000000	1.21E+12
5.12E-05	1.18E+13	1.18E+07	1.18E+10	1.18E+11	2.36E+11	3.55E+11	4.73E+11	5.91E+11	886515000000	1.18E+12
5.16E-05	1.16E+13	1.16E+07	1.16E+10	1.16E+11	2.31E+11	3.47E+11	4.62E+11	5.78E+11	866497500000	1.16E+12
5.20E-05	1.13E+13	1.13E+07	1.13E+10	1.13E+11	2.26E+11	3.39E+11	4.52E+11	5.65E+11	846937500000	1.13E+12
5.24E-05	1.10E+13	1.10E+07	1.10E+10	1.10E+11	2.21E+11	3.31E+11	4.42E+11	5.52E+11	827812500000	1.10E+12
5.28E-05	1.08E+13	1.08E+07	1.08E+10	1.08E+11	2.16E+11	3.24E+11	4.32E+11	5.39E+11	809122500000	1.08E+12
5.32E-05	1.05E+13	1.05E+07	1.05E+10	1.05E+11	2.11E+11	3.16E+11	4.22E+11	5.27E+11	790860000000	1.05E+12
5.36E-05	1.03E+13	1.03E+07	1.03E+10	1.03E+11	2.06E+11	3.09E+11	4.12E+11	5.15E+11	773002500000	1.03E+12
5.40E-05	1.01E+13	1.01E+07	1.01E+10	1.01E+11	2.01E+11	3.02E+11	4.03E+11	5.04E+11	755550000000	1.01E+12
5.44E-05	9.85E+12	9.85E+06	9.85E+09	9.85E+10	1.97E+11	2.95E+11	3.94E+11	4.92E+11	738492000000	9.85E+11
5.48E-05	9.62E+12	9.62E+06	9.62E+09	9.62E+10	1.92E+11	2.89E+11	3.85E+11	4.81E+11	721819500000	9.62E+11
5.52E-05	9.41E+12	9.41E+06	9.41E+09	9.41E+10	1.88E+11	2.82E+11	3.76E+11	4.70E+11	705522750000	9.41E+11
5.56E-05	9.19E+12	9.19E+06	9.19E+09	9.19E+10	1.84E+11	2.76E+11	3.68E+11	4.60E+11	689594250000	9.19E+11
5.60E-05	8.99E+12	8.99E+06	8.99E+09	8.99E+10	1.80E+11	2.70E+11	3.59E+11	4.49E+11	674025750000	8.99E+11
5.64E-05	8.78E+12	8.78E+06	8.78E+09	8.78E+10	1.76E+11	2.64E+11	3.51E+11	4.39E+11	658808250000	8.78E+11
5.68E-05	8.59E+12	8.59E+06	8.59E+09	8.59E+10	1.72E+11	2.58E+11	3.43E+11	4.29E+11	643934250000	8.59E+11
5.72E-05	8.39E+12	8.39E+06	8.39E+09	8.39E+10	1.68E+11	2.52E+11	3.36E+11	4.20E+11	629396250000	8.39E+11
5.76E-05	8.20E+12	8.20E+06	8.20E+09	8.20E+10	1.64E+11	2.46E+11	3.28E+11	4.10E+11	615186000000	8.20E+11
5.80E-05	8.02E+12	8.02E+06	8.02E+09	8.02E+10	1.60E+11	2.41E+11	3.21E+11	4.01E+11	601297500000	8.02E+11
5.84E-05	7.84E+12	7.84E+06	7.84E+09	7.84E+10	1.57E+11	2.35E+11	3.13E+11	3.92E+11	587721750000	7.84E+11
5.88E-05	7.66E+12	7.66E+06	7.66E+09	7.66E+10	1.53E+11	2.30E+11	3.06E+11	3.83E+11	574452750000	7.66E+11
5.92E-05	7.49E+12	7.49E+06	7.49E+09	7.49E+10	1.50E+11	2.25E+11	2.99E+11	3.74E+11	561483750000	7.49E+11
5.96E-05	7.32E+12	7.32E+06	7.32E+09	7.32E+10	1.46E+11	2.20E+11	2.93E+11	3.66E+11	548807250000	7.32E+11
6.00E-05	7.15E+12	7.15E+06	7.15E+09	7.15E+10	1.43E+11	2.15E+11	2.86E+11	3.58E+11	536416500000	7.15E+11
6.04E-05	6.99E+12	6.99E+06	6.99E+09	6.99E+10	1.40E+11	2.10E+11	2.80E+11	3.50E+11	524306250000	6.99E+11
6.08E-05	6.83E+12	6.83E+06	6.83E+09	6.83E+10	1.37E+11	2.05E+11	2.73E+11	3.42E+11	512469000000	6.83E+11
6.12E-05	6.68E+12	6.68E+06	6.68E+09	6.68E+10	1.34E+11	2.00E+11	2.67E+11	3.34E+11	500898750000	6.68E+11
6.16E-05	6.53E+12	6.53E+06	6.53E+09	6.53E+10	1.31E+11	1.96E+11	2.61E+11	3.26E+11	489590250000	6.53E+11
6.20E-05	6.38E+12	6.38E+06	6.38E+09	6.38E+10	1.28E+11	1.91E+11	2.55E+11	3.19E+11	478536750000	6.38E+11
6.24E-05	6.24E+12	6.24E+06	6.24E+09	6.24E+10	1.25E+11	1.87E+11	2.49E+11	3.12E+11	467733000000	6.24E+11
6.28E-05	6.10E+12	6.10E+06	6.10E+09	6.10E+10	1.22E+11	1.83E+11	2.44E+11	3.05E+11	457173000000	6.10E+11
6.32E-05	5.96E+12	5.96E+06	5.96E+09	5.96E+10	1.19E+11	1.79E+11	2.38E+11	2.98E+11	446851500000	5.96E+11
6.36E-05	5.82E+12	5.82E+06	5.82E+09	5.82E+10	1.16E+11	1.75E+11	2.33E+11	2.91E+11	436762500000	5.82E+11
6.40E-05	5.69E+12	5.69E+06	5.69E+09	5.69E+10	1.14E+11	1.71E+11	2.28E+11	2.85E+11	426902250000	5.69E+11
6.44E-05	5.56E+12	5.56E+06	5.56E+09	5.56E+10	1.11E+11	1.67E+11	2.23E+11	2.78E+11	417264000000	5.56E+11
6.48E-05	5.44E+12	5.44E+06	5.44E+09	5.44E+10	1.09E+11	1.63E+11	2.18E+11	2.72E+11	407843250000	5.44E+11
6.52E-05	5.32E+12	5.32E+06	5.32E+09	5.32E+10	1.06E+11	1.59E+11	2.13E+11	2.66E+11	398635500000	5.32E+11
6.56E-05	5.20E+12	5.20E+06	5.20E+09	5.20E+10	1.04E+11	1.56E+11	2.08E+11	2.60E+11	389635500000	5.20E+11
6.60E-05	5.08E+12	5.08E+06	5.08E+09	5.08E+10	1.02E+11	1.52E+11	2.03E+11	2.54E+11	380838750000	5.08E+11
6.64E-05	4.96E+12	4.96E+06	4.96E+09	4.96E+10	9.93E+10	1.49E+11	1.99E+11	2.48E+11	372240750000	4.96E+11
6.68E-05	4.85E+12	4.85E+06	4.85E+09	4.85E+10	9.70E+10	1.46E+11	1.94E+11	2.43E+11	363836250000	4.85E+11
6.72E-05	4.74E+12	4.74E+06	4.74E+09	4.74E+10	9.48E+10	1.42E+11	1.90E+11	2.37E+11	355622250000	4.74E+11
6.76E-05	4.63E+12	4.63E+06	4.63E+09	4.63E+10	9.27E+10	1.39E+11	1.85E+11	2.32E+11	347593500000	4.63E+11
6.80E-05	4.53E+12	4.53E+06	4.53E+09	4.53E+10	9.06E+10	1.36E+11	1.81E+11	2.26E+11	339745500000	4.53E+11
6.84E-05	4.43E+12	4.43E+06	4.43E+09	4.43E+10	8.86E+10	1.33E+11	1.77E+11	2.21E+11	332075250000	4.43E+11
6.88E-05	4.33E+12	4.33E+06	4.33E+09	4.33E+10	8.66E+10	1.30E+11	1.73E+11	2.16E+11	324578250000	4.33E+11
6.92E-05	4.23E+12	4.23E+06	4.23E+09	4.23E+10	8.46E+10	1.27E+11	1.69E+11	2.12E+11	317250000000	4.23E+11
6.96E-05	4.13E+12	4.13E+06	4.13E+09	4.13E+10	8.27E+10	1.24E+11	1.65E+11	2.07E+11	310087500000	4.13E+11
7.00E-05	4.04E+12	4.04E+06	4.04E+09	4.04E+10	8.08E+10	1.21E+11	1.62E+11	2.02E+11	303087000000	4.04E+11
7.04E-05	3.95E+12	3.95E+06	3.95E+09	3.95E+10	7.90E+10	1.18E+11	1.58E+11	1.97E+11	296244000000	3.95E+11
7.08E-05	3.86E+12	3.86E+06	3.86E+09	3.86E+10	7.72E+10	1.16E+11	1.54E+11	1.93E+11	289555500000	3.86E+11
7.12E-05	3.77E+12	3.77E+06	3.77E+09	3.77E+10	7.55E+10	1.13E+11	1.51E+11	1.89E+11	283018500000	3.77E+11
7.16E-05	3.69E+12	3.69E+06	3.69E+09	3.69E+10	7.38E+10	1.11E+11	1.48E+11	1.84E+11	276628500000	3.69E+11
7.20E-05	3.61E+12	3.61E+06	3.61E+09	3.61E+10	7.21E+10	1.08E+11	1.44E+11	1.80E+11	270383250000	3.61E+11
7.24E-05	3.52E+12	3.52E+06	3.52E+09	3.52E+10	7.05E+10	1.06E+11	1.41E+11	1.76E+11	264279000000	3.52E+11
7.28E-05	3.44E+12	3.44E+06	3.44E+09	3.44E+10	6.89E+10	1.03E+11	1.38E+11	1.72E+11	258312000000	3.44E+11
7.32E-05	3.37E+12	3.37E+06	3.37E+09	3.37E+10	6.73E+10	1.01E+11	1.35E+11	1.68E+11	252480750000	3.37E+11
7.36E-05	3.29E+12	3.29E+06	3.29E+09	3.29E+10	6.58E+10	9.87E+10	1.32E+11	1.65E+11	246780000000	3.29E+11
7.40E-05	3.22E+12	3.22E+06	3.22E+09	3.22E+10	6.43E+10	9.65E+10	1.29E+11	1.61E+11	241209000000	3.22E+11
7.44E-05	3.14E+12	3.14E+06	3.14E+09	3.14E+10	6.29E+10	9.43E+10	1.26E+11	1.57E+11	235763250000	3.14E+11
7.48E-05	3.07E+12	3.07E+06	3.07E+09	3.07E+10	6.15E+10	9.22E+10	1.23E+11	1.54E+11	230439750000	3.07E+11
7.52E-05	3.00E+12	3.00E+06	3.00E+09	3.00E+10	6.01E+10	9.01E+10	1.20E+11	1.50E+11	225237750000	3.00E+11
7.56E-05	2.94E+12	2.94E+06	2.94E+09	2.94E+10	5.87E+10	8.81E+10	1.17E+11	1.47E+11	220152000000	2.94E+11
7.60E-05	2.87E+12	2.87E+06	2.87E+09	2.87E+10	5.74E+10	8.61E+10	1.15E+11	1.43E+11	215181750000	2.87E+11
7.64E-05	2.80E+12	2.80E+06	2.80E+09	2.80E+10	5.61E+10	8.41E+10	1.12E+11	1.40E+11	210324000000	2.80E+11
7.68E-05	2.74E+12	2.74E+06	2.74E+09	2.74E+10	5.48E+10	8.22E+10	1.10E+11	1.37E+11	205575000000	2.74E+11
7.72E-05	2.68E+12	2.68E+06	2.68E+09	2.68E+10	5.36E+10	8.04E+10	1.07E+11	1.34E+11	200934000000	2.68E+11
7.76E-05	2.62E+12	2.62E+06	2.62E+09	2.62E+10	5.24E+10	7.86E+10	1.05E+11	1.31E+11	196397250000	2.62E+11
7.80E-05	2.56E+12	2.56E+06	2.56E+09	2.56E+10	5.12E+10	7.68E+10	1.02E+11	1.28E+11	191963250000	2.56E+11
7.84E-05	2.50E+12	2.50E+06	2.50E+09	2.50E+10	5.00E+10	7.51E+10	1.00E+11	1.25E+11	187629750000	2.50E+11
7.88E-05	2.45E+12	2.45E+06	2.45E+09	2.45E+10	4.89E+10	7.34E+10	9.78E+10	1.22E+11	183393750000	2.45E+11
7.92E-05	2.39E+12	2.39E+06	2.39E+09	2.39E+10	4.78E+10	7.17E+10	9.56E+10	1.20E+11	179253000000	2.39E+11
7.96E-05	2.34E+12	2.34E+06	2.34E+09	2.34E+10	4.67E+10	7.01E+10	9.34E+10	1.17E+11	175206000000	2.34E+11
8.00E-05	2.28E+12	2.28E+06	2.28E+09	2.28E+10	4.57E+10	6.85E+10	9.13E+10	1.14E+11	171250500000	2.28E+11
8.04E-05	2.23E+12	2.23E+06	2.23E+09	2.23E+10	4.46E+10	6.70E+10	8.93E+10	1.12E+11	167384250000	2.23E+11
8.08E-05	2.18E+12	2.18E+06	2.18E+09	2.18E+10	4.36E+10	6.54E+10	8.73E+10	1.09E+11	163605000000	2.18E+11
8.12E-05	2.13E+12	2.13E+06	2.13E+09	2.13E+10	4.26E+10	6.40E+10	8.53E+10	1.07E+11	159911250000	2.13E+11
8.16E-05	2.08E+12	2.08E+06	2.08E+09	2.08E+10	4.17E+10	6.25E+10	8.34E+10	1.04E+11	156301500000	2.08E+11
8.20E-05	2.04E+12	2.04E+06	2.04E+09	2.04E+10	4.07E+10	6.11E+10	8.15E+10	1.02E+11	152772000000	2.04E+11
8.24E-05	1.99E+12	1.99E+06	1.99E+09	1.99E+10	3.98E+10	5.97E+10	7.96E+10	9.95E+10	149323500000	1.99E+11
8.28E-05	1.95E+12	1.95E+06	1.95E+09	1.95E+10	3.89E+10	5.84E+10	7.78E+10	9.73E+10	145952250000	1.95E+11
8.32E-05	1.90E+12	1.90E+06	1.90E+09	1.90E+10	3.80E+10	5.71E+10	7.61E+10	9.51E+10	142656750000	1.90E+11
8.36E-05	1.86E+12	1.86E+06	1.86E+09	1.86E+10	3.72E+10	5.58E+10	7.44E+10	9.30E+10	139436250000	1.86E+11
8.40E-05	1.82E+12	1.82E+06	1.82E+09	1.82E+10	3.63E+10	5.45E+10	7.27E+10	9.09E+10	136287750000	1.82E+11
8.44E-05	1.78E+12	1.78E+06	1.78E+09	1.78E+10	3.55E+10	5.33E+10	7.10E+10	8.88E+10	133211250000	1.78E+11
8.48E-05	1.74E+12	1.74E+06	1.74E+09	1.74E+10	3.47E+10	5.21E+10	6.94E+10	8.68E+10	130203750000	1.74E+11
8.52E-05	1.70E+12	1.70E+06	1.70E+09	1.70E+10	3.39E+10	5.09E+10	6.79E+10	8.48E+10	127263750000	1.70E+11
8.56E-05	1.66E+12	1.66E+06	1.66E+09	1.66E+10	3.32E+10	4.98E+10	6.63E+10	8.29E+10	124390500000	1.66E+11
8.60E-05	1.62E+12	1.62E+06	1.62E+09	1.62E+10	3.24E+10	4.86E+10	6.48E+10	8.11E+10	121582500000	1.62E+11
8.64E-05	1.58E+12	1.58E+06	1.58E+09	1.58E+10	3.17E+10	4.75E+10	6.34E+10	7.92E+10	118837500000	1.58E+11
8.68E-05	1.55E+12	1.55E+06	1.55E+09	1.55E+10	3.10E+10	4.65E+10	6.19E+10	7.74E+10	116154750000	1.55E+11
8.72E-05	1.51E+12	1.51E+06	1.51E+09	1.51E+10	3.03E+10	4.54E+10	6.06E+10	7.57E+10	113532000000	1.51E+11
8.76E-05	1.48E+12	1.48E+06	1.48E+09	1.48E+10	2.96E+10	4.44E+10	5.92E+10	7.40E+10	110968500000	1.48E+11
8.80E-05	1.45E+12	1.45E+06	1.45E+09	1.45E+10	2.89E+10	4.34E+10	5.78E+10	7.23E+10	108463500000	1.45E+11
8.84E-05	1.41E+12	1.41E+06	1.41E+09	1.41E+10	2.83E+10	4.24E+10	5.65E+10	7.07E+10	106014750000	1.41E+11
8.88E-05	1.38E+12	1.38E+06	1.38E+09	1.38E+10	2.76E+10	4.14E+10	5.53E+10	6.91E+10	103621500000	1.38E+11
8.92E-05	1.35E+12	1.35E+06	1.35E+09	1.35E+10	2.70E+10	4.05E+10	5.40E+10	6.75E+10	101281500000	1.35E+11
8.96E-05	1.32E+12	1.32E+06	1.32E+09	1.32E+10	2.64E+10	3.96E+10	5.28E+10	6.60E+10	98995500000	1.32E+11
9.00E-05	1.29E+12	1.29E+06	1.29E+09	1.29E+10	2.58E+10	3.87E+10	5.16E+10	6.45E+10	96760500000	1.29E+11
9.04E-05	1.26E+12	1.26E+06	1.26E+09	1.26E+10	2.52E+10	3.78E+10	5.04E+10	6.31E+10	94575750000	1.26E+11
9.08E-05	1.23E+12	1.23E+06	1.23E+09	1.23E+10	2.47E+10	3.70E+10	4.93E+10	6.16E+10	92440500000	1.23E+11
9.12E-05	1.20E+12	1.20E+06	1.20E+09	1.20E+10	2.41E+10	3.61E+10	4.82E+10	6.02E+10	90353250000	1.20E+11
9.16E-05	1.18E+12	1.18E+06	1.18E+09	1.18E+10	2.36E+10	3.53E+10	4.71E+10	5.89E+10	88313250000	1.18E+11
9.20E-05	1.15E+12	1.15E+06	1.15E+09	1.15E+10	2.30E+10	3.45E+10	4.60E+10	5.75E+10	86319750000	1.15E+11
9.24E-05	1.12E+12	1.12E+06	1.12E+09	1.12E+10	2.25E+10	3.37E+10	4.50E+10	5.62E+10	84370500000	1.12E+11
9.28E-05	1.10E+12	1.10E+06	1.10E+09	1.10E+10	2.20E+10	3.30E+10	4.40E+10	5.50E+10	82466250000	1.10E+11
9.32E-05	1.07E+12	1.07E+06	1.07E+09	1.07E+10	2.15E+10	3.22E+10	4.30E+10	5.37E+10	80604000000	1.07E+11
9.36E-05	1.05E+12	1.05E+06	1.05E+09	1.05E+10	2.10E+10	3.15E+10	4.20E+10	5.25E+10	78784500000	1.05E+11
9.40E-05	1.03E+12	1.03E+06	1.03E+09	1.03E+10	2.05E+10	3.08E+10	4.11E+10	5.13E+10	77005500000	1.03E+11
9.44E-05	1.00E+12	1.00E+06	1.00E+09	1.00E+10	2.01E+10	3.01E+10	4.01E+10	5.02E+10	75267000000	1.00E+11
9.48E-05	9.81E+11	9.81E+05	9.81E+08	9.81E+09	1.96E+10	2.94E+10	3.92E+10	4.90E+10	73567800000	9.81E+10
9.52E-05	9.59E+11	9.59E+05	9.59E+08	9.59E+09	1.92E+10	2.88E+10	3.84E+10	4.79E+10	71906850000	9.59E+10
9.56E-05	9.37E+11	9.37E+05	9.37E+08	9.37E+09	1.87E+10	2.81E+10	3.75E+10	4.69E+10	70283400000	9.37E+10
9.60E-05	9.16E+11	9.16E+05	9.16E+08	9.16E+09	1.83E+10	2.75E+10	3.66E+10	4.58E+10	68696625000	9.16E+10
9.64E-05	8.95E+11	8.95E+05	8.95E+08	8.95E+09	1.79E+10	2.69E+10	3.58E+10	4.48E+10	67145700000	8.95E+10
9.68E-05	8.75E+11	8.75E+05	8.75E+08	8.75E+09	1.75E+10	2.63E+10	3.50E+10	4.38E+10	65629725000	8.75E+10
9.72E-05	8.55E+11	8.55E+05	8.55E+08	8.55E+09	1.71E+10	2.57E+10	3.42E+10	4.28E+10	64148025000	8.55E+10
9.76E-05	8.36E+11	8.36E+05	8.36E+08	8.36E+09	1.67E+10	2.51E+10	3.34E+10	4.18E+10	62699775000	8.36E+10
9.80E-05	8.17E+11	8.17E+05	8.17E+08	8.17E+09	1.63E+10	2.45E+10	3.27E+10	4.09E+10	61284150000	8.17E+10
9.84E-05	7.99E+11	7.99E+05	7.99E+08	7.99E+09	1.60E+10	2.40E+10	3.19E+10	3.99E+10	59900550000	7.99E+10
9.88E-05	7.81E+11	7.81E+05	7.81E+08	7.81E+09	1.56E+10	2.34E+10	3.12E+10	3.90E+10	58548225000	7.81E+10
9.92E-05	7.63E+11	7.63E+05	7.63E+08	7.63E+09	1.53E+10	2.29E+10	3.05E+10	3.82E+10	57226350000	7.63E+10
9.96E-05	7.46E+11	7.46E+05	7.46E+08	7.46E+09	1.49E+10	2.24E+10	2.98E+10	3.73E+10	55934400000	7.46E+10
1.00E-04	7.29E+11	7.29E+05	7.29E+08	7.29E+09	1.46E+10	2.19E+10	2.92E+10	3.64E+10	54671550000	7.29E+10
1.00E-04	7.12E+11	7.12E+05	7.12E+08	7.12E+09	1.42E+10	2.14E+10	2.85E+10	3.56E+10	53437200000	7.12E+10
1.01E-04	6.96E+11	6.96E+05	6.96E+08	6.96E+09	1.39E+10	2.09E+10	2.79E+10	3.48E+10	52230750000	6.96E+10
1.01E-04	6.81E+11	6.81E+05	6.81E+08	6.81E+09	1.36E+10	2.04E+10	2.72E+10	3.40E+10	51051600000	6.81E+10
1.02E-04	6.65E+11	6.65E+05	6.65E+08	6.65E+09	1.33E+10	2.00E+10	2.66E+10	3.33E+10	49899000000	6.65E+10
1.02E-04	6.50E+11	6.50E+05	6.50E+08	6.50E+09	1.30E+10	1.95E+10	2.60E+10	3.25E+10	48772425000	6.50E+10
1.02E-04	6.36E+11	6.36E+05	6.36E+08	6.36E+09	1.27E+10	1.91E+10	2.54E+10	3.18E+10	47671275000	6.36E+10
1.03E-04	6.21E+11	6.21E+05	6.21E+08	6.21E+09	1.24E+10	1.86E+10	2.49E+10	3.11E+10	46595025000	6.21E+10
1.03E-04	6.07E+11	6.07E+05	6.07E+08	6.07E+09	1.21E+10	1.82E+10	2.43E+10	3.04E+10	45543075000	6.07E+10
1.04E-04	5.94E+11	5.94E+05	5.94E+08	5.94E+09	1.19E+10	1.78E+10	2.37E+10	2.97E+10	44514825000	5.94E+10
1.04E-04	5.80E+11	5.80E+05	5.80E+08	5.80E+09	1.16E+10	1.74E+10	2.32E+10	2.90E+10	43509825000	5.80E+10
1.04E-04	5.67E+11	5.67E+05	5.67E+08	5.67E+09	1.13E+10	1.70E+10	2.27E+10	2.84E+10	42527475000	5.67E+10
1.05E-04	5.54E+11	5.54E+05	5.54E+08	5.54E+09	1.11E+10	1.66E+10	2.22E+10	2.77E+10	41567325000	5.54E+10
1.05E-04	5.42E+11	5.42E+05	5.42E+08	5.42E+09	1.08E+10	1.63E+10	2.17E+10	2.71E+10	40628925000	5.42E+10
1.06E-04	5.29E+11	5.29E+05	5.29E+08	5.29E+09	1.06E+10	1.59E+10	2.12E+10	2.65E+10	39711600000	5.29E+10
1.06E-04	5.18E+11	5.18E+05	5.18E+08	5.18E+09	1.04E+10	1.55E+10	2.07E+10	2.59E+10	38815050000	5.18E+10
1.06E-04	5.06E+11	5.06E+05	5.06E+08	5.06E+09	1.01E+10	1.52E+10	2.02E+10	2.53E+10	37938750000	5.06E+10
1.07E-04	4.94E+11	4.94E+05	4.94E+08	4.94E+09	9.89E+09	1.48E+10	1.98E+10	2.47E+10	37082175000	4.94E+10
1.07E-04	4.83E+11	4.83E+05	4.83E+08	4.83E+09	9.67E+09	1.45E+10	1.93E+10	2.42E+10	36244950000	4.83E+10
1.08E-04	4.72E+11	4.72E+05	4.72E+08	4.72E+09	9.45E+09	1.42E+10	1.89E+10	2.36E+10	35426700000	4.72E+10
1.08E-04	4.62E+11	4.62E+05	4.62E+08	4.62E+09	9.23E+09	1.39E+10	1.85E+10	2.31E+10	34626825000	4.62E+10
1.08E-04	4.51E+11	4.51E+05	4.51E+08	4.51E+09	9.03E+09	1.35E+10	1.81E+10	2.26E+10	33845100000	4.51E+10
1.09E-04	4.41E+11	4.41E+05	4.41E+08	4.41E+09	8.82E+09	1.32E+10	1.76E+10	2.21E+10	33081000000	4.41E+10
1.09E-04	4.31E+11	4.31E+05	4.31E+08	4.31E+09	8.62E+09	1.29E+10	1.72E+10	2.16E+10	32334075000	4.31E+10
1.10E-04	4.21E+11	4.21E+05	4.21E+08	4.21E+09	8.43E+09	1.26E+10	1.69E+10	2.11E+10	31604100000	4.21E+10
1.10E-04	4.12E+11	4.12E+05	4.12E+08	4.12E+09	8.24E+09	1.24E+10	1.65E+10	2.06E+10	30890550000	4.12E+10
1.10E-04	4.03E+11	4.03E+05	4.03E+08	4.03E+09	8.05E+09	1.21E+10	1.61E+10	2.01E+10	30193200000	4.03E+10
1.11E-04	3.93E+11	3.93E+05	3.93E+08	3.93E+09	7.87E+09	1.18E+10	1.57E+10	1.97E+10	29511525000	3.93E+10
1.11E-04	3.85E+11	3.85E+05	3.85E+08	3.85E+09	7.69E+09	1.15E+10	1.54E+10	1.92E+10	28845225000	3.85E+10
1.12E-04	3.76E+11	3.76E+05	3.76E+08	3.76E+09	7.52E+09	1.13E+10	1.50E+10	1.88E+10	28194000000	3.76E+10
1.12E-04	3.67E+11	3.67E+05	3.67E+08	3.67E+09	7.35E+09	1.10E+10	1.47E+10	1.84E+10	27557475000	3.67E+10
1.12E-04	3.59E+11	3.59E+05	3.59E+08	3.59E+09	7.18E+09	1.08E+10	1.44E+10	1.80E+10	26935275000	3.59E+10
1.13E-04	3.51E+11	3.51E+05	3.51E+08	3.51E+09	7.02E+09	1.05E+10	1.40E+10	1.76E+10	26327175000	3.51E+10
1.13E-04	3.43E+11	3.43E+05	3.43E+08	3.43E+09	6.86E+09	1.03E+10	1.37E+10	1.72E+10	25732800000	3.43E+10
1.14E-04	3.35E+11	3.35E+05	3.35E+08	3.35E+09	6.71E+09	1.01E+10	1.34E+10	1.68E+10	25151850000	3.35E+10
1.14E-04	3.28E+11	3.28E+05	3.28E+08	3.28E+09	6.56E+09	9.83E+09	1.31E+10	1.64E+10	24583950000	3.28E+10
1.14E-04	3.20E+11	3.20E+05	3.20E+08	3.20E+09	6.41E+09	9.61E+09	1.28E+10	1.60E+10	24028950000	3.20E+10
1.15E-04	3.13E+11	3.13E+05	3.13E+08	3.13E+09	6.26E+09	9.39E+09	1.25E+10	1.57E+10	23486475000	3.13E+10
1.15E-04	3.06E+11	3.06E+05	3.06E+08	3.06E+09	6.12E+09	9.18E+09	1.22E+10	1.53E+10	22956225000	3.06E+10
1.16E-04	2.99E+11	2.99E+05	2.99E+08	2.99E+09	5.98E+09	8.98E+09	1.20E+10	1.50E+10	22437900000	2.99E+10
1.16E-04	2.92E+11	2.92E+05	2.92E+08	2.92E+09	5.85E+09	8.77E+09	1.17E+10	1.46E+10	21931350000	2.92E+10
1.16E-04	2.86E+11	2.86E+05	2.86E+08	2.86E+09	5.72E+09	8.57E+09	1.14E+10	1.43E+10	21436200000	2.86E+10
1.17E-04	2.79E+11	2.79E+05	2.79E+08	2.79E+09	5.59E+09	8.38E+09	1.12E+10	1.40E+10	20952225000	2.79E+10
1.17E-04	2.73E+11	2.73E+05	2.73E+08	2.73E+09	5.46E+09	8.19E+09	1.09E+10	1.37E+10	20479200000	2.73E+10
1.18E-04	2.67E+11	2.67E+05	2.67E+08	2.67E+09	5.34E+09	8.01E+09	1.07E+10	1.33E+10	20016825000	2.67E+10
1.18E-04	2.61E+11	2.61E+05	2.61E+08	2.61E+09	5.22E+09	7.83E+09	1.04E+10	1.30E+10	19564950000	2.61E+10
1.18E-04	2.55E+11	2.55E+05	2.55E+08	2.55E+09	5.10E+09	7.65E+09	1.02E+10	1.27E+10	19123200000	2.55E+10
1.19E-04	2.49E+11	2.49E+05	2.49E+08	2.49E+09	4.98E+09	7.48E+09	9.97E+09	1.25E+10	18691425000	2.49E+10
1.19E-04	2.44E+11	2.44E+05	2.44E+08	2.44E+09	4.87E+09	7.31E+09	9.74E+09	1.22E+10	18269475000	2.44E+10
1.20E-04	2.38E+11	2.38E+05	2.38E+08	2.38E+09	4.76E+09	7.14E+09	9.52E+09	1.19E+10	17856975000	2.38E+10
1.20E-04	2.33E+11	2.33E+05	2.33E+08	2.33E+09	4.65E+09	6.98E+09	9.31E+09	1.16E+10	17453850000	2.33E+10
1.20E-04	2.27E+11	2.27E+05	2.27E+08	2.27E+09	4.55E+09	6.82E+09	9.10E+09	1.14E+10	17059800000	2.27E+10
1.21E-04	2.22E+11	2.22E+05	2.22E+08	2.22E+09	4.45E+09	6.67E+09	8.89E+09	1.11E+10	16674600000	2.22E+10
1.21E-04	2.17E+11	2.17E+05	2.17E+08	2.17E+09	4.35E+09	6.52E+09	8.69E+09	1.09E+10	16298175000	2.17E+10
1.22E-04	2.12E+11	2.12E+05	2.12E+08	2.12E+09	4.25E+09	6.37E+09	8.50E+09	1.06E+10	15930225000	2.12E+10
1.22E-04	2.08E+11	2.08E+05	2.08E+08	2.08E+09	4.15E+09	6.23E+09	8.30E+09	1.04E+10	15570525000	2.08E+10
1.22E-04	2.03E+11	2.03E+05	2.03E+08	2.03E+09	4.06E+09	6.09E+09	8.12E+09	1.01E+10	15219000000	2.03E+10
1.23E-04	1.98E+11	1.98E+05	1.98E+08	1.98E+09	3.97E+09	5.95E+09	7.93E+09	9.92E+09	14875425000	1.98E+10
1.23E-04	1.94E+11	1.94E+05	1.94E+08	1.94E+09	3.88E+09	5.82E+09	7.75E+09	9.69E+09	14539575000	1.94E+10
1.24E-04	1.89E+11	1.89E+05	1.89E+08	1.89E+09	3.79E+09	5.68E+09	7.58E+09	9.47E+09	14211300000	1.89E+10
1.24E-04	1.85E+11	1.85E+05	1.85E+08	1.85E+09	3.70E+09	5.56E+09	7.41E+09	9.26E+09	13890450000	1.85E+10
1.24E-04	1.81E+11	1.81E+05	1.81E+08	1.81E+09	3.62E+09	5.43E+09	7.24E+09	9.05E+09	13576875000	1.81E+10
1.25E-04	1.77E+11	1.77E+05	1.77E+08	1.77E+09	3.54E+09	5.31E+09	7.08E+09	8.85E+09	13270350000	1.77E+10
1.25E-04	1.73E+11	1.73E+05	1.73E+08	1.73E+09	3.46E+09	5.19E+09	6.92E+09	8.65E+09	12970725000	1.73E+10
1.26E-04	1.69E+11	1.69E+05	1.69E+08	1.69E+09	3.38E+09	5.07E+09	6.76E+09	8.45E+09	12677925000	1.69E+10
1.26E-04	1.65E+11	1.65E+05	1.65E+08	1.65E+09	3.30E+09	4.96E+09	6.61E+09	8.26E+09	12391650000	1.65E+10
1.26E-04	1.61E+11	1.61E+05	1.61E+08	1.61E+09	3.23E+09	4.84E+09	6.46E+09	8.07E+09	12111900000	1.61E+10
1.27E-04	1.58E+11	1.58E+05	1.58E+08	1.58E+09	3.16E+09	4.74E+09	6.31E+09	7.89E+09	11838450000	1.58E+10
1.27E-04	1.54E+11	1.54E+05	1.54E+08	1.54E+09	3.09E+09	4.63E+09	6.17E+09	7.71E+09	11571150000	1.54E+10
1.28E-04	1.51E+11	1.51E+05	1.51E+08	1.51E+09	3.02E+09	4.52E+09	6.03E+09	7.54E+09	11309925000	1.51E+10
1.28E-04	1.47E+11	1.47E+05	1.47E+08	1.47E+09	2.95E+09	4.42E+09	5.90E+09	7.37E+09	11054625000	1.47E+10
1.28E-04	1.44E+11	1.44E+05	1.44E+08	1.44E+09	2.88E+09	4.32E+09	5.76E+09	7.20E+09	10805025000	1.44E+10
1.29E-04	1.41E+11	1.41E+05	1.41E+08	1.41E+09	2.82E+09	4.22E+09	5.63E+09	7.04E+09	10561050000	1.41E+10
1.29E-04	1.38E+11	1.38E+05	1.38E+08	1.38E+09	2.75E+09	4.13E+09	5.51E+09	6.88E+09	10322625000	1.38E+10
1.30E-04	1.35E+11	1.35E+05	1.35E+08	1.35E+09	2.69E+09	4.04E+09	5.38E+09	6.73E+09	10089600000	1.35E+10
1.30E-04	1.31E+11	1.31E+05	1.31E+08	1.31E+09	2.63E+09	3.94E+09	5.26E+09	6.57E+09	9861825000	1.31E+10
1.30E-04	1.29E+11	1.29E+05	1.29E+08	1.29E+09	2.57E+09	3.86E+09	5.14E+09	6.43E+09	9639150000	1.29E+10
1.31E-04	1.26E+11	1.26E+05	1.26E+08	1.26E+09	2.51E+09	3.77E+09	5.02E+09	6.28E+09	9421500000	1.26E+10
1.31E-04	1.23E+11	1.23E+05	1.23E+08	1.23E+09	2.46E+09	3.68E+09	4.91E+09	6.14E+09	9208800000	1.23E+10
1.32E-04	1.20E+11	1.20E+05	1.20E+08	1.20E+09	2.40E+09	3.60E+09	4.80E+09	6.00E+09	9000900000	1.20E+10
1.32E-04	1.17E+11	1.17E+05	1.17E+08	1.17E+09	2.35E+09	3.52E+09	4.69E+09	5.87E+09	8797725000	1.17E+10
1.32E-04	1.15E+11	1.15E+05	1.15E+08	1.15E+09	2.29E+09	3.44E+09	4.59E+09	5.73E+09	8599050000	1.15E+10
1.33E-04	1.12E+11	1.12E+05	1.12E+08	1.12E+09	2.24E+09	3.36E+09	4.48E+09	5.60E+09	8404950000	1.12E+10
1.33E-04	1.10E+11	1.10E+05	1.10E+08	1.10E+09	2.19E+09	3.29E+09	4.38E+09	5.48E+09	8215200000	1.10E+10
1.34E-04	1.07E+11	1.07E+05	1.07E+08	1.07E+09	2.14E+09	3.21E+09	4.28E+09	5.35E+09	8029725000	1.07E+10
1.34E-04	1.05E+11	1.05E+05	1.05E+08	1.05E+09	2.09E+09	3.14E+09	4.19E+09	5.23E+09	7848375000	1.05E+10
1.34E-04	1.02E+11	1.02E+05	1.02E+08	1.02E+09	2.05E+09	3.07E+09	4.09E+09	5.11E+09	7671225000	1.02E+10
1.35E-04	1.00E+11	1.00E+05	1.00E+08	1.00E+09	2.00E+09	3.00E+09	4.00E+09	5.00E+09	7498020000	1.00E+10
1.35E-04	9.77E+10	9.77E+04	9.77E+07	9.77E+08	1.95E+09	2.93E+09	3.91E+09	4.89E+09	7328737500	9.77E+09
1.36E-04	9.55E+10	9.55E+04	9.55E+07	9.55E+08	1.91E+09	2.87E+09	3.82E+09	4.78E+09	7163280000	9.55E+09
1.36E-04	9.34E+10	9.34E+04	9.34E+07	9.34E+08	1.87E+09	2.80E+09	3.73E+09	4.67E+09	7001557500	9.34E+09
1.36E-04	9.12E+10	9.12E+04	9.12E+07	9.12E+08	1.82E+09	2.74E+09	3.65E+09	4.56E+09	6843480000	9.12E+09
1.37E-04	8.92E+10	8.92E+04	8.92E+07	8.92E+08	1.78E+09	2.68E+09	3.57E+09	4.46E+09	6688980000	8.92E+09
1.37E-04	8.72E+10	8.72E+04	8.72E+07	8.72E+08	1.74E+09	2.62E+09	3.49E+09	4.36E+09	6537960000	8.72E+09
1.38E-04	8.52E+10	8.52E+04	8.52E+07	8.52E+08	1.70E+09	2.56E+09	3.41E+09	4.26E+09	6390352500	8.52E+09
1.38E-04	8.33E+10	8.33E+04	8.33E+07	8.33E+08	1.67E+09	2.50E+09	3.33E+09	4.16E+09	6246082500	8.33E+09
1.38E-04	8.14E+10	8.14E+04	8.14E+07	8.14E+08	1.63E+09	2.44E+09	3.26E+09	4.07E+09	6105060000	8.14E+09
1.39E-04	7.96E+10	7.96E+04	7.96E+07	7.96E+08	1.59E+09	2.39E+09	3.18E+09	3.98E+09	5967225000	7.96E+09
1.39E-04	7.78E+10	7.78E+04	7.78E+07	7.78E+08	1.56E+09	2.33E+09	3.11E+09	3.89E+09	5832510000	7.78E+09
1.40E-04	7.60E+10	7.60E+04	7.60E+07	7.60E+08	1.52E+09	2.28E+09	3.04E+09	3.80E+09	5700825000	7.60E+09
1.40E-04	7.43E+10	7.43E+04	7.43E+07	7.43E+08	1.49E+09	2.23E+09	2.97E+09	3.71E+09	5572117500	7.43E+09
1.40E-04	7.26E+10	7.26E+04	7.26E+07	7.26E+08	1.45E+09	2.18E+09	2.90E+09	3.63E+09	5446320000	7.26E+09
1.41E-04	7.10E+10	7.10E+04	7.10E+07	7.10E+08	1.42E+09	2.13E+09	2.84E+09	3.55E+09	5323357500	7.10E+09
1.41E-04	6.94E+10	6.94E+04	6.94E+07	6.94E+08	1.39E+09	2.08E+09	2.78E+09	3.47E+09	5203170000	6.94E+09
1.42E-04	6.78E+10	6.78E+04	6.78E+07	6.78E+08	1.36E+09	2.03E+09	2.71E+09	3.39E+09	5085697500	6.78E+09
1.42E-04	6.63E+10	6.63E+04	6.63E+07	6.63E+08	1.33E+09	1.99E+09	2.65E+09	3.31E+09	4970880000	6.63E+09
1.42E-04	6.48E+10	6.48E+04	6.48E+07	6.48E+08	1.30E+09	1.94E+09	2.59E+09	3.24E+09	4858657500	6.48E+09
1.43E-04	6.33E+10	6.33E+04	6.33E+07	6.33E+08	1.27E+09	1.90E+09	2.53E+09	3.17E+09	4748962500	6.33E+09
1.43E-04	6.19E+10	6.19E+04	6.19E+07	6.19E+08	1.24E+09	1.86E+09	2.48E+09	3.09E+09	4641742500	6.19E+09
1.44E-04	6.05E+10	6.05E+04	6.05E+07	6.05E+08	1.21E+09	1.81E+09	2.42E+09	3.02E+09	4536945000	6.05E+09
1.44E-04	5.91E+10	5.91E+04	5.91E+07	5.91E+08	1.18E+09	1.77E+09	2.37E+09	2.96E+09	4434517500	5.91E+09
1.44E-04	5.78E+10	5.78E+04	5.78E+07	5.78E+08	1.16E+09	1.73E+09	2.31E+09	2.89E+09	4334400000	5.78E+09
1.45E-04	5.65E+10	5.65E+04	5.65E+07	5.65E+08	1.13E+09	1.69E+09	2.26E+09	2.82E+09	4236540000	5.65E+09
1.45E-04	5.52E+10	5.52E+04	5.52E+07	5.52E+08	1.10E+09	1.66E+09	2.21E+09	2.76E+09	4140892500	5.52E+09
1.46E-04	5.40E+10	5.40E+04	5.40E+07	5.40E+08	1.08E+09	1.62E+09	2.16E+09	2.70E+09	4047405000	5.40E+09
1.46E-04	5.27E+10	5.27E+04	5.27E+07	5.27E+08	1.05E+09	1.58E+09	2.11E+09	2.64E+09	3956025000	5.27E+09
1.46E-04	5.16E+10	5.16E+04	5.16E+07	5.16E+08	1.03E+09	1.55E+09	2.06E+09	2.58E+09	3866715000	5.16E+09
1.47E-04	5.04E+10	5.04E+04	5.04E+07	5.04E+08	1.01E+09	1.51E+09	2.02E+09	2.52E+09	3779415000	5.04E+09
1.47E-04	4.93E+10	4.93E+04	4.93E+07	4.93E+08	9.85E+08	1.48E+09	1.97E+09	2.46E+09	3694087500	4.93E+09
1.48E-04	4.81E+10	4.81E+04	4.81E+07	4.81E+08	9.63E+08	1.44E+09	1.93E+09	2.41E+09	3610687500	4.81E+09
1.48E-04	4.71E+10	4.71E+04	4.71E+07	4.71E+08	9.41E+08	1.41E+09	1.88E+09	2.35E+09	3529170000	4.71E+09
1.48E-04	4.60E+10	4.60E+04	4.60E+07	4.60E+08	9.20E+08	1.38E+09	1.84E+09	2.30E+09	3449490000	4.60E+09
1.49E-04	4.50E+10	4.50E+04	4.50E+07	4.50E+08	8.99E+08	1.35E+09	1.80E+09	2.25E+09	3371610000	4.50E+09
1.49E-04	4.39E+10	4.39E+04	4.39E+07	4.39E+08	8.79E+08	1.32E+09	1.76E+09	2.20E+09	3295492500	4.39E+09
1.50E-04	4.29E+10	4.29E+04	4.29E+07	4.29E+08	8.59E+08	1.29E+09	1.72E+09	2.15E+09	3221085000	4.29E+09
1.50E-04	4.20E+10	4.20E+04	4.20E+07	4.20E+08	8.40E+08	1.26E+09	1.68E+09	2.10E+09	3148365000	4.20E+09
1.50E-04	4.10E+10	4.10E+04	4.10E+07	4.10E+08	8.21E+08	1.23E+09	1.64E+09	2.05E+09	3077287500	4.10E+09
1.51E-04	4.01E+10	4.01E+04	4.01E+07	4.01E+08	8.02E+08	1.20E+09	1.60E+09	2.01E+09	3007807500	4.01E+09
1.51E-04	3.92E+10	3.92E+04	3.92E+07	3.92E+08	7.84E+08	1.18E+09	1.57E+09	1.96E+09	2939902500	3.92E+09
1.52E-04	3.83E+10	3.83E+04	3.83E+07	3.83E+08	7.66E+08	1.15E+09	1.53E+09	1.92E+09	2873527500	3.83E+09
1.52E-04	3.74E+10	3.74E+04	3.74E+07	3.74E+08	7.49E+08	1.12E+09	1.50E+09	1.87E+09	2808652500	3.74E+09
1.52E-04	3.66E+10	3.66E+04	3.66E+07	3.66E+08	7.32E+08	1.10E+09	1.46E+09	1.83E+09	2745240000	3.66E+09
1.53E-04	3.58E+10	3.58E+04	3.58E+07	3.58E+08	7.16E+08	1.07E+09	1.43E+09	1.79E+09	2683260000	3.58E+09
1.53E-04	3.50E+10	3.50E+04	3.50E+07	3.50E+08	6.99E+08	1.05E+09	1.40E+09	1.75E+09	2622682500	3.50E+09
1.54E-04	3.42E+10	3.42E+04	3.42E+07	3.42E+08	6.84E+08	1.03E+09	1.37E+09	1.71E+09	2563470000	3.42E+09
1.54E-04	3.34E+10	3.34E+04	3.34E+07	3.34E+08	6.68E+08	1.00E+09	1.34E+09	1.67E+09	2505600000	3.34E+09
1.54E-04	3.27E+10	3.27E+04	3.27E+07	3.27E+08	6.53E+08	9.80E+08	1.31E+09	1.63E+09	2449027500	3.27E+09
1.55E-04	3.19E+10	3.19E+04	3.19E+07	3.19E+08	6.38E+08	9.57E+08	1.28E+09	1.60E+09	2393737500	3.19E+09
1.55E-04	3.12E+10	3.12E+04	3.12E+07	3.12E+08	6.24E+08	9.36E+08	1.25E+09	1.56E+09	2339692500	3.12E+09
1.56E-04	3.05E+10	3.05E+04	3.05E+07	3.05E+08	6.10E+08	9.15E+08	1.22E+09	1.52E+09	2286870000	3.05E+09
1.56E-04	2.98E+10	2.98E+04	2.98E+07	2.98E+08	5.96E+08	8.94E+08	1.19E+09	1.49E+09	2235240000	2.98E+09
1.56E-04	2.91E+10	2.91E+04	2.91E+07	2.91E+08	5.83E+08	8.74E+08	1.17E+09	1.46E+09	2184772500	2.91E+09
1.57E-04	2.85E+10	2.85E+04	2.85E+07	2.85E+08	5.69E+08	8.54E+08	1.14E+09	1.42E+09	2135452500	2.85E+09
1.57E-04	2.78E+10	2.78E+04	2.78E+07	2.78E+08	5.57E+08	8.35E+08	1.11E+09	1.39E+09	2087235000	2.78E+09
1.58E-04	2.72E+10	2.72E+04	2.72E+07	2.72E+08	5.44E+08	8.16E+08	1.09E+09	1.36E+09	2040112500	2.72E+09
1.58E-04	2.66E+10	2.66E+04	2.66E+07	2.66E+08	5.32E+08	7.98E+08	1.06E+09	1.33E+09	1994055000	2.66E+09
1.58E-04	2.60E+10	2.60E+04	2.60E+07	2.60E+08	5.20E+08	7.80E+08	1.04E+09	1.30E+09	1949032500	2.60E+09
1.59E-04	2.54E+10	2.54E+04	2.54E+07	2.54E+08	5.08E+08	7.62E+08	1.02E+09	1.27E+09	1905030000	2.54E+09
1.59E-04	2.48E+10	2.48E+04	2.48E+07	2.48E+08	4.97E+08	7.45E+08	9.93E+08	1.24E+09	1862025000	2.48E+09
1.60E-04	2.43E+10	2.43E+04	2.43E+07	2.43E+08	4.85E+08	7.28E+08	9.71E+08	1.21E+09	1819980000	2.43E+09
1.60E-04	2.37E+10	2.37E+04	2.37E+07	2.37E+08	4.74E+08	7.12E+08	9.49E+08	1.19E+09	1778895000	2.37E+09
1.60E-04	2.32E+10	2.32E+04	2.32E+07	2.32E+08	4.64E+08	6.95E+08	9.27E+08	1.16E+09	1738732500	2.32E+09
1.61E-04	2.27E+10	2.27E+04	2.27E+07	2.27E+08	4.53E+08	6.80E+08	9.06E+08	1.13E+09	1699477500	2.27E+09
1.61E-04	2.21E+10	2.21E+04	2.21E+07	2.21E+08	4.43E+08	6.64E+08	8.86E+08	1.11E+09	1661107500	2.21E+09
1.62E-04	2.16E+10	2.16E+04	2.16E+07	2.16E+08	4.33E+08	6.49E+08	8.66E+08	1.08E+09	1623607500	2.16E+09
1.62E-04	2.12E+10	2.12E+04	2.12E+07	2.12E+08	4.23E+08	6.35E+08	8.46E+08	1.06E+09	1586947500	2.12E+09
1.62E-04	2.07E+10	2.07E+04	2.07E+07	2.07E+08	4.14E+08	6.20E+08	8.27E+08	1.03E+09	1551120000	2.07E+09
1.63E-04	2.02E+10	2.02E+04	2.02E+07	2.02E+08	4.04E+08	6.06E+08	8.09E+08	1.01E+09	1516102500	2.02E+09
1.63E-04	1.98E+10	1.98E+04	1.98E+07	1.98E+08	3.95E+08	5.93E+08	7.90E+08	9.88E+08	1481872500	1.98E+09
1.64E-04	1.93E+10	1.93E+04	1.93E+07	1.93E+08	3.86E+08	5.79E+08	7.72E+08	9.66E+08	1448415000	1.93E+09
1.64E-04	1.89E+10	1.89E+04	1.89E+07	1.89E+08	3.78E+08	5.66E+08	7.55E+08	9.44E+08	1415715000	1.89E+09
1.64E-04	1.85E+10	1.85E+04	1.85E+07	1.85E+08	3.69E+08	5.54E+08	7.38E+08	9.23E+08	1383750000	1.85E+09
1.65E-04	1.80E+10	1.80E+04	1.80E+07	1.80E+08	3.61E+08	5.41E+08	7.21E+08	9.02E+08	1352512500	1.80E+09
1.65E-04	1.76E+10	1.76E+04	1.76E+07	1.76E+08	3.53E+08	5.29E+08	7.05E+08	8.81E+08	1321980000	1.76E+09
1.66E-04	1.72E+10	1.72E+04	1.72E+07	1.72E+08	3.45E+08	5.17E+08	6.89E+08	8.61E+08	1292130000	1.72E+09
1.66E-04	1.68E+10	1.68E+04	1.68E+07	1.68E+08	3.37E+08	5.05E+08	6.74E+08	8.42E+08	1262955000	1.68E+09
1.66E-04	1.65E+10	1.65E+04	1.65E+07	1.65E+08	3.29E+08	4.94E+08	6.58E+08	8.23E+08	1234447500	1.65E+09
1.67E-04	1.61E+10	1.61E+04	1.61E+07	1.61E+08	3.22E+08	4.83E+08	6.44E+08	8.04E+08	1206577500	1.61E+09
1.67E-04	1.57E+10	1.57E+04	1.57E+07	1.57E+08	3.14E+08	4.72E+08	6.29E+08	7.86E+08	1179330000	1.57E+09
1.68E-04	1.54E+10	1.54E+04	1.54E+07	1.54E+08	3.07E+08	4.61E+08	6.15E+08	7.68E+08	1152705000	1.54E+09
1.68E-04	1.50E+10	1.50E+04	1.50E+07	1.50E+08	3.00E+08	4.51E+08	6.01E+08	7.51E+08	1126680000	1.50E+09
1.68E-04	1.47E+10	1.47E+04	1.47E+07	1.47E+08	2.94E+08	4.40E+08	5.87E+08	7.34E+08	1101247500	1.47E+09
1.69E-04	1.44E+10	1.44E+04	1.44E+07	1.44E+08	2.87E+08	4.31E+08	5.74E+08	7.18E+08	1076385000	1.44E+09
1.69E-04	1.40E+10	1.40E+04	1.40E+07	1.40E+08	2.81E+08	4.21E+08	5.61E+08	7.01E+08	1052085000	1.40E+09
1.70E-04	1.37E+10	1.37E+04	1.37E+07	1.37E+08	2.74E+08	4.11E+08	5.48E+08	6.86E+08	1028332500	1.37E+09
1.70E-04	1.34E+10	1.34E+04	1.34E+07	1.34E+08	2.68E+08	4.02E+08	5.36E+08	6.70E+08	1005112500	1.34E+09
1.70E-04	1.31E+10	1.31E+04	1.31E+07	1.31E+08	2.62E+08	3.93E+08	5.24E+08	6.55E+08	982417500	1.31E+09
1.71E-04	1.28E+10	1.28E+04	1.28E+07	1.28E+08	2.56E+08	3.84E+08	5.12E+08	6.40E+08	960240000	1.28E+09
1.71E-04	1.25E+10	1.25E+04	1.25E+07	1.25E+08	2.50E+08	3.75E+08	5.01E+08	6.26E+08	938557500	1.25E+09
1.72E-04	1.22E+10	1.22E+04	1.22E+07	1.22E+08	2.45E+08	3.67E+08	4.89E+08	6.12E+08	917370000	1.22E+09
1.72E-04	1.20E+10	1.20E+04	1.20E+07	1.20E+08	2.39E+08	3.59E+08	4.78E+08	5.98E+08	896662500	1.20E+09
1.72E-04	1.17E+10	1.17E+04	1.17E+07	1.17E+08	2.34E+08	3.51E+08	4.67E+08	5.84E+08	876412500	1.17E+09
1.73E-04	1.14E+10	1.14E+04	1.14E+07	1.14E+08	2.28E+08	3.43E+08	4.57E+08	5.71E+08	856627500	1.14E+09
1.73E-04	1.12E+10	1.12E+04	1.12E+07	1.12E+08	2.23E+08	3.35E+08	4.47E+08	5.58E+08	837292500	1.12E+09
1.74E-04	1.09E+10	1.09E+04	1.09E+07	1.09E+08	2.18E+08	3.27E+08	4.36E+08	5.46E+08	818385000	1.09E+09
1.74E-04	1.07E+10	1.07E+04	1.07E+07	1.07E+08	2.13E+08	3.20E+08	4.27E+08	5.33E+08	799912500	1.07E+09
1.74E-04	1.04E+10	1.04E+04	1.04E+07	1.04E+08	2.08E+08	3.13E+08	4.17E+08	5.21E+08	781852500	1.04E+09
1.75E-04	1.02E+10	1.02E+04	1.02E+07	1.02E+08	2.04E+08	3.06E+08	4.08E+08	5.09E+08	764197500	1.02E+09
1.75E-04	9.96E+09	9.96E+03	9.96E+06	9.96E+07	1.99E+08	2.99E+08	3.98E+08	4.98E+08	746944500	9.96E+08
1.76E-04	9.73E+09	9.73E+03	9.73E+06	9.73E+07	1.95E+08	2.92E+08	3.89E+08	4.87E+08	730080750	9.73E+08
1.76E-04	9.51E+09	9.51E+03	9.51E+06	9.51E+07	1.90E+08	2.85E+08	3.81E+08	4.76E+08	713598000	9.51E+08
1.76E-04	9.30E+09	9.30E+03	9.30E+06	9.30E+07	1.86E+08	2.79E+08	3.72E+08	4.65E+08	697487250	9.30E+08
1.77E-04	9.09E+09	9.09E+03	9.09E+06	9.09E+07	1.82E+08	2.73E+08	3.64E+08	4.54E+08	681740250	9.09E+08
1.77E-04	8.88E+09	8.88E+03	8.88E+06	8.88E+07	1.78E+08	2.67E+08	3.55E+08	4.44E+08	666348750	8.88E+08
1.78E-04	8.68E+09	8.68E+03	8.68E+06	8.68E+07	1.74E+08	2.61E+08	3.47E+08	4.34E+08	651304500	8.68E+08
1.78E-04	8.49E+09	8.49E+03	8.49E+06	8.49E+07	1.70E+08	2.55E+08	3.40E+08	4.24E+08	636600000	8.49E+08
1.78E-04	8.30E+09	8.30E+03	8.30E+06	8.30E+07	1.66E+08	2.49E+08	3.32E+08	4.15E+08	622227750	8.30E+08
1.79E-04	8.11E+09	8.11E+03	8.11E+06	8.11E+07	1.62E+08	2.43E+08	3.24E+08	4.05E+08	608179500	8.11E+08
1.79E-04	7.93E+09	7.93E+03	7.93E+06	7.93E+07	1.59E+08	2.38E+08	3.17E+08	3.96E+08	594448500	7.93E+08
1.80E-04	7.75E+09	7.75E+03	7.75E+06	7.75E+07	1.55E+08	2.32E+08	3.10E+08	3.87E+08	581028000	7.75E+08
1.80E-04	7.57E+09	7.57E+03	7.57E+06	7.57E+07	1.51E+08	2.27E+08	3.03E+08	3.79E+08	567909750	7.57E+08
1.80E-04	7.40E+09	7.40E+03	7.40E+06	7.40E+07	1.48E+08	2.22E+08	2.96E+08	3.70E+08	555088500	7.40E+08
1.81E-04	7.23E+09	7.23E+03	7.23E+06	7.23E+07	1.45E+08	2.17E+08	2.89E+08	3.62E+08	542556000	7.23E+08
1.81E-04	7.07E+09	7.07E+03	7.07E+06	7.07E+07	1.41E+08	2.12E+08	2.83E+08	3.54E+08	530307000	7.07E+08
1.82E-04	6.91E+09	6.91E+03	6.91E+06	6.91E+07	1.38E+08	2.07E+08	2.76E+08	3.46E+08	518334000	6.91E+08
1.82E-04	6.76E+09	6.76E+03	6.76E+06	6.76E+07	1.35E+08	2.03E+08	2.70E+08	3.38E+08	506631750	6.76E+08
1.82E-04	6.60E+09	6.60E+03	6.60E+06	6.60E+07	1.32E+08	1.98E+08	2.64E+08	3.30E+08	495193500	6.60E+08
1.83E-04	6.45E+09	6.45E+03	6.45E+06	6.45E+07	1.29E+08	1.94E+08	2.58E+08	3.23E+08	484014000	6.45E+08
1.83E-04	6.31E+09	6.31E+03	6.31E+06	6.31E+07	1.26E+08	1.89E+08	2.52E+08	3.15E+08	473086500	6.31E+08
1.84E-04	6.17E+09	6.17E+03	6.17E+06	6.17E+07	1.23E+08	1.85E+08	2.47E+08	3.08E+08	462405750	6.17E+08
1.84E-04	6.03E+09	6.03E+03	6.03E+06	6.03E+07	1.21E+08	1.81E+08	2.41E+08	3.01E+08	451965750	6.03E+08
1.84E-04	5.89E+09	5.89E+03	5.89E+06	5.89E+07	1.18E+08	1.77E+08	2.36E+08	2.95E+08	441762000	5.89E+08
1.85E-04	5.76E+09	5.76E+03	5.76E+06	5.76E+07	1.15E+08	1.73E+08	2.30E+08	2.88E+08	431787750	5.76E+08
1.85E-04	5.63E+09	5.63E+03	5.63E+06	5.63E+07	1.13E+08	1.69E+08	2.25E+08	2.81E+08	422040000	5.63E+08
1.86E-04	5.50E+09	5.50E+03	5.50E+06	5.50E+07	1.10E+08	1.65E+08	2.20E+08	2.75E+08	412511250	5.50E+08
1.86E-04	5.38E+09	5.38E+03	5.38E+06	5.38E+07	1.08E+08	1.61E+08	2.15E+08	2.69E+08	403197750	5.38E+08
1.86E-04	5.25E+09	5.25E+03	5.25E+06	5.25E+07	1.05E+08	1.58E+08	2.10E+08	2.63E+08	394095000	5.25E+08
1.87E-04	5.14E+09	5.14E+03	5.14E+06	5.14E+07	1.03E+08	1.54E+08	2.05E+08	2.57E+08	385197750	5.14E+08
1.87E-04	5.02E+09	5.02E+03	5.02E+06	5.02E+07	1.00E+08	1.51E+08	2.01E+08	2.51E+08	376500750	5.02E+08
1.88E-04	4.91E+09	4.91E+03	4.91E+06	4.91E+07	9.81E+07	1.47E+08	1.96E+08	2.45E+08	368001000	4.91E+08
1.88E-04	4.80E+09	4.80E+03	4.80E+06	4.80E+07	9.59E+07	1.44E+08	1.92E+08	2.40E+08	359692500	4.80E+08
1.88E-04	4.69E+09	4.69E+03	4.69E+06	4.69E+07	9.38E+07	1.41E+08	1.88E+08	2.34E+08	351571500	4.69E+08
1.89E-04	4.58E+09	4.58E+03	4.58E+06	4.58E+07	9.16E+07	1.37E+08	1.83E+08	2.29E+08	343634250	4.58E+08
1.89E-04	4.48E+09	4.48E+03	4.48E+06	4.48E+07	8.96E+07	1.34E+08	1.79E+08	2.24E+08	335876250	4.48E+08
1.90E-04	4.38E+09	4.38E+03	4.38E+06	4.38E+07	8.75E+07	1.31E+08	1.75E+08	2.19E+08	328293000	4.38E+08
1.90E-04	4.28E+09	4.28E+03	4.28E+06	4.28E+07	8.56E+07	1.28E+08	1.71E+08	2.14E+08	320881500	4.28E+08
1.90E-04	4.18E+09	4.18E+03	4.18E+06	4.18E+07	8.36E+07	1.25E+08	1.67E+08	2.09E+08	313636500	4.18E+08
1.91E-04	4.09E+09	4.09E+03	4.09E+06	4.09E+07	8.17E+07	1.23E+08	1.63E+08	2.04E+08	306555750	4.09E+08
1.91E-04	4.00E+09	4.00E+03	4.00E+06	4.00E+07	7.99E+07	1.20E+08	1.60E+08	2.00E+08	299634750	4.00E+08
1.92E-04	3.90E+09	3.90E+03	3.90E+06	3.90E+07	7.81E+07	1.17E+08	1.56E+08	1.95E+08	292869750	3.90E+08
1.92E-04	3.82E+09	3.82E+03	3.82E+06	3.82E+07	7.63E+07	1.15E+08	1.53E+08	1.91E+08	286257750	3.82E+08
1.92E-04	3.73E+09	3.73E+03	3.73E+06	3.73E+07	7.46E+07	1.12E+08	1.49E+08	1.87E+08	279795000	3.73E+08
1.93E-04	3.65E+09	3.65E+03	3.65E+06	3.65E+07	7.29E+07	1.09E+08	1.46E+08	1.82E+08	273477750	3.65E+08
1.93E-04	3.56E+09	3.56E+03	3.56E+06	3.56E+07	7.13E+07	1.07E+08	1.43E+08	1.78E+08	267303750	3.56E+08
1.94E-04	3.48E+09	3.48E+03	3.48E+06	3.48E+07	6.97E+07	1.05E+08	1.39E+08	1.74E+08	261268500	3.48E+08
1.94E-04	3.40E+09	3.40E+03	3.40E+06	3.40E+07	6.81E+07	1.02E+08	1.36E+08	1.70E+08	255370500	3.40E+08
1.94E-04	3.33E+09	3.33E+03	3.33E+06	3.33E+07	6.66E+07	9.98E+07	1.33E+08	1.66E+08	249604500	3.33E+08
1.95E-04	3.25E+09	3.25E+03	3.25E+06	3.25E+07	6.51E+07	9.76E+07	1.30E+08	1.63E+08	243969750	3.25E+08
1.95E-04	3.18E+09	3.18E+03	3.18E+06	3.18E+07	6.36E+07	9.54E+07	1.27E+08	1.59E+08	238461000	3.18E+08
1.96E-04	3.11E+09	3.11E+03	3.11E+06	3.11E+07	6.22E+07	9.32E+07	1.24E+08	1.55E+08	233077500	3.11E+08
1.96E-04	3.04E+09	3.04E+03	3.04E+06	3.04E+07	6.08E+07	9.11E+07	1.22E+08	1.52E+08	227815500	3.04E+08
1.96E-04	2.97E+09	2.97E+03	2.97E+06	2.97E+07	5.94E+07	8.91E+07	1.19E+08	1.48E+08	222672000	2.97E+08
1.97E-04	2.90E+09	2.90E+03	2.90E+06	2.90E+07	5.80E+07	8.71E+07	1.16E+08	1.45E+08	217644750	2.90E+08
1.97E-04	2.84E+09	2.84E+03	2.84E+06	2.84E+07	5.67E+07	8.51E+07	1.13E+08	1.42E+08	212730750	2.84E+08
1.98E-04	2.77E+09	2.77E+03	2.77E+06	2.77E+07	5.54E+07	8.32E+07	1.11E+08	1.39E+08	207928500	2.77E+08
1.98E-04	2.71E+09	2.71E+03	2.71E+06	2.71E+07	5.42E+07	8.13E+07	1.08E+08	1.35E+08	203234250	2.71E+08
1.98E-04	2.65E+09	2.65E+03	2.65E+06	2.65E+07	5.30E+07	7.95E+07	1.06E+08	1.32E+08	198645750	2.65E+08
1.99E-04	2.59E+09	2.59E+03	2.59E+06	2.59E+07	5.18E+07	7.77E+07	1.04E+08	1.29E+08	194160750	2.59E+08
1.99E-04	2.53E+09	2.53E+03	2.53E+06	2.53E+07	5.06E+07	7.59E+07	1.01E+08	1.27E+08	189777000	2.53E+08
2.00E-04	2.47E+09	2.47E+03	2.47E+06	2.47E+07	4.95E+07	7.42E+07	9.89E+07	1.24E+08	185492250	2.47E+08
2.00E-04	2.42E+09	2.42E+03	2.42E+06	2.42E+07	4.83E+07	7.25E+07	9.67E+07	1.21E+08	181305000	2.42E+08
2.00E-04	2.36E+09	2.36E+03	2.36E+06	2.36E+07	4.73E+07	7.09E+07	9.45E+07	1.18E+08	177211500	2.36E+08
2.01E-04	2.31E+09	2.31E+03	2.31E+06	2.31E+07	4.62E+07	6.93E+07	9.24E+07	1.15E+08	173210250	2.31E+08
2.01E-04	2.26E+09	2.26E+03	2.26E+06	2.26E+07	4.51E+07	6.77E+07	9.03E+07	1.13E+08	169299750	2.26E+08
2.02E-04	2.21E+09	2.21E+03	2.21E+06	2.21E+07	4.41E+07	6.62E+07	8.83E+07	1.10E+08	165477750	2.21E+08
2.02E-04	2.16E+09	2.16E+03	2.16E+06	2.16E+07	4.31E+07	6.47E+07	8.63E+07	1.08E+08	161742000	2.16E+08
2.02E-04	2.11E+09	2.11E+03	2.11E+06	2.11E+07	4.22E+07	6.32E+07	8.43E+07	1.05E+08	158090250	2.11E+08
2.03E-04	2.06E+09	2.06E+03	2.06E+06	2.06E+07	4.12E+07	6.18E+07	8.24E+07	1.03E+08	154521000	2.06E+08
2.03E-04	2.01E+09	2.01E+03	2.01E+06	2.01E+07	4.03E+07	6.04E+07	8.06E+07	1.01E+08	151032000	2.01E+08
2.04E-04	1.97E+09	1.97E+03	1.97E+06	1.97E+07	3.94E+07	5.90E+07	7.87E+07	9.84E+07	147622500	1.97E+08
2.04E-04	1.92E+09	1.92E+03	1.92E+06	1.92E+07	3.85E+07	5.77E+07	7.70E+07	9.62E+07	144289500	1.92E+08
2.04E-04	1.88E+09	1.88E+03	1.88E+06	1.88E+07	3.76E+07	5.64E+07	7.52E+07	9.40E+07	141032250	1.88E+08
2.05E-04	1.84E+09	1.84E+03	1.84E+06	1.84E+07	3.68E+07	5.51E+07	7.35E+07	9.19E+07	137847750	1.84E+08
2.05E-04	1.80E+09	1.80E+03	1.80E+06	1.80E+07	3.59E+07	5.39E+07	7.19E+07	8.98E+07	134736000	1.80E+08
2.06E-04	1.76E+09	1.76E+03	1.76E+06	1.76E+07	3.51E+07	5.27E+07	7.02E+07	8.78E+07	131694000	1.76E+08
2.06E-04	1.72E+09	1.72E+03	1.72E+06	1.72E+07	3.43E+07	5.15E+07	6.87E+07	8.58E+07	128720250	1.72E+08
2.06E-04	1.68E+09	1.68E+03	1.68E+06	1.68E+07	3.36E+07	5.03E+07	6.71E+07	8.39E+07	125814750	1.68E+08
2.07E-04	1.64E+09	1.64E+03	1.64E+06	1.64E+07	3.28E+07	4.92E+07	6.56E+07	8.20E+07	122973750	1.64E+08
2.07E-04	1.60E+09	1.60E+03	1.60E+06	1.60E+07	3.21E+07	4.81E+07	6.41E+07	8.01E+07	120197250	1.60E+08
2.08E-04	1.57E+09	1.57E+03	1.57E+06	1.57E+07	3.13E+07	4.70E+07	6.27E+07	7.83E+07	117483750	1.57E+08
2.08E-04	1.53E+09	1.53E+03	1.53E+06	1.53E+07	3.06E+07	4.59E+07	6.12E+07	7.66E+07	114831750	1.53E+08
2.08E-04	1.50E+09	1.50E+03	1.50E+06	1.50E+07	2.99E+07	4.49E+07	5.99E+07	7.48E+07	112239000	1.50E+08
2.09E-04	1.46E+09	1.46E+03	1.46E+06	1.46E+07	2.93E+07	4.39E+07	5.85E+07	7.31E+07	109704750	1.46E+08
2.09E-04	1.43E+09	1.43E+03	1.43E+06	1.43E+07	2.86E+07	4.29E+07	5.72E+07	7.15E+07	107228250	1.43E+08
2.10E-04	1.40E+09	1.40E+03	1.40E+06	1.40E+07	2.79E+07	4.19E+07	5.59E+07	6.99E+07	104807250	1.40E+08
2.10E-04	1.37E+09	1.37E+03	1.37E+06	1.37E+07	2.73E+07	4.10E+07	5.46E+07	6.83E+07	102441000	1.37E+08
2.10E-04	1.34E+09	1.34E+03	1.34E+06	1.34E+07	2.67E+07	4.01E+07	5.34E+07	6.68E+07	100128000	1.34E+08
2.11E-04	1.30E+09	1.30E+03	1.30E+06	1.30E+07	2.61E+07	3.91E+07	5.22E+07	6.52E+07	97867500	1.30E+08
2.11E-04	1.28E+09	1.28E+03	1.28E+06	1.28E+07	2.55E+07	3.83E+07	5.10E+07	6.38E+07	95658000	1.28E+08
2.12E-04	1.25E+09	1.25E+03	1.25E+06	1.25E+07	2.49E+07	3.74E+07	4.99E+07	6.23E+07	93498750	1.25E+08
2.12E-04	1.22E+09	1.22E+03	1.22E+06	1.22E+07	2.44E+07	3.66E+07	4.87E+07	6.09E+07	91387500	1.22E+08
2.12E-04	1.19E+09	1.19E+03	1.19E+06	1.19E+07	2.38E+07	3.57E+07	4.76E+07	5.95E+07	89324250	1.19E+08
2.13E-04	1.16E+09	1.16E+03	1.16E+06	1.16E+07	2.33E+07	3.49E+07	4.66E+07	5.82E+07	87307500	1.16E+08
2.13E-04	1.14E+09	1.14E+03	1.14E+06	1.14E+07	2.28E+07	3.41E+07	4.55E+07	5.69E+07	85336500	1.14E+08
2.14E-04	1.11E+09	1.11E+03	1.11E+06	1.11E+07	2.22E+07	3.34E+07	4.45E+07	5.56E+07	83409750	1.11E+08
2.14E-04	1.09E+09	1.09E+03	1.09E+06	1.09E+07	2.17E+07	3.26E+07	4.35E+07	5.44E+07	81526500	1.09E+08
2.14E-04	1.06E+09	1.06E+03	1.06E+06	1.06E+07	2.12E+07	3.19E+07	4.25E+07	5.31E+07	79686000	1.06E+08
2.15E-04	1.04E+09	1.04E+03	1.04E+06	1.04E+07	2.08E+07	3.12E+07	4.15E+07	5.19E+07	77886750	1.04E+08
2.15E-04	1.02E+09	1.02E+03	1.02E+06	1.02E+07	2.03E+07	3.05E+07	4.06E+07	5.08E+07	76128750	1.02E+08
2.16E-04	9.92E+08	9.92E+02	9.92E+05	9.92E+06	1.98E+07	2.98E+07	3.97E+07	4.96E+07	74409825	9.92E+07
2.16E-04	9.70E+08	9.70E+02	9.70E+05	9.70E+06	1.94E+07	2.91E+07	3.88E+07	4.85E+07	72729900	9.70E+07
2.16E-04	9.48E+08	9.48E+02	9.48E+05	9.48E+06	1.90E+07	2.84E+07	3.79E+07	4.74E+07	71087850	9.48E+07
2.17E-04	9.26E+08	9.26E+02	9.26E+05	9.26E+06	1.85E+07	2.78E+07	3.71E+07	4.63E+07	69482925	9.26E+07
2.17E-04	9.06E+08	9.06E+02	9.06E+05	9.06E+06	1.81E+07	2.72E+07	3.62E+07	4.53E+07	67914225	9.06E+07
2.18E-04	8.85E+08	8.85E+02	8.85E+05	8.85E+06	1.77E+07	2.66E+07	3.54E+07	4.43E+07	66380925	8.85E+07
2.18E-04	8.65E+08	8.65E+02	8.65E+05	8.65E+06	1.73E+07	2.60E+07	3.46E+07	4.33E+07	64882200	8.65E+07
2.18E-04	8.46E+08	8.46E+02	8.46E+05	8.46E+06	1.69E+07	2.54E+07	3.38E+07	4.23E+07	63417375	8.46E+07
2.19E-04	8.26E+08	8.26E+02	8.26E+05	8.26E+06	1.65E+07	2.48E+07	3.31E+07	4.13E+07	61985625	8.26E+07
2.19E-04	8.08E+08	8.08E+02	8.08E+05	8.08E+06	1.62E+07	2.42E+07	3.23E+07	4.04E+07	60586200	8.08E+07
2.20E-04	7.90E+08	7.90E+02	7.90E+05	7.90E+06	1.58E+07	2.37E+07	3.16E+07	3.95E+07	59218350	7.90E+07
2.20E-04	7.72E+08	7.72E+02	7.72E+05	7.72E+06	1.54E+07	2.32E+07	3.09E+07	3.86E+07	57881325	7.72E+07
2.20E-04	7.54E+08	7.54E+02	7.54E+05	7.54E+06	1.51E+07	2.26E+07	3.02E+07	3.77E+07	56574600	7.54E+07
2.21E-04	7.37E+08	7.37E+02	7.37E+05	7.37E+06	1.47E+07	2.21E+07	2.95E+07	3.69E+07	55297275	7.37E+07
2.21E-04	7.21E+08	7.21E+02	7.21E+05	7.21E+06	1.44E+07	2.16E+07	2.88E+07	3.60E+07	54048825	7.21E+07
2.22E-04	7.04E+08	7.04E+02	7.04E+05	7.04E+06	1.41E+07	2.11E+07	2.82E+07	3.52E+07	52828575	7.04E+07
2.22E-04	6.88E+08	6.88E+02	6.88E+05	6.88E+06	1.38E+07	2.07E+07	2.75E+07	3.44E+07	51635850	6.88E+07
2.22E-04	6.73E+08	6.73E+02	6.73E+05	6.73E+06	1.35E+07	2.02E+07	2.69E+07	3.36E+07	50470125	6.73E+07
2.23E-04	6.58E+08	6.58E+02	6.58E+05	6.58E+06	1.32E+07	1.97E+07	2.63E+07	3.29E+07	49330650	6.58E+07
2.23E-04	6.43E+08	6.43E+02	6.43E+05	6.43E+06	1.29E+07	1.93E+07	2.57E+07	3.21E+07	48216900	6.43E+07
2.24E-04	6.28E+08	6.28E+02	6.28E+05	6.28E+06	1.26E+07	1.89E+07	2.51E+07	3.14E+07	47128350	6.28E+07
2.24E-04	6.14E+08	6.14E+02	6.14E+05	6.14E+06	1.23E+07	1.84E+07	2.46E+07	3.07E+07	46064325	6.14E+07
2.24E-04	6.00E+08	6.00E+02	6.00E+05	6.00E+06	1.20E+07	1.80E+07	2.40E+07	3.00E+07	45024300	6.00E+07
2.25E-04	5.87E+08	5.87E+02	5.87E+05	5.87E+06	1.17E+07	1.76E+07	2.35E+07	2.93E+07	44007825	5.87E+07
2.25E-04	5.74E+08	5.74E+02	5.74E+05	5.74E+06	1.15E+07	1.72E+07	2.29E+07	2.87E+07	43014225	5.74E+07
2.26E-04	5.61E+08	5.61E+02	5.61E+05	5.61E+06	1.12E+07	1.68E+07	2.24E+07	2.80E+07	42043125	5.61E+07
2.26E-04	5.48E+08	5.48E+02	5.48E+05	5.48E+06	1.10E+07	1.64E+07	2.19E+07	2.74E+07	41093925	5.48E+07
2.26E-04	5.36E+08	5.36E+02	5.36E+05	5.36E+06	1.07E+07	1.61E+07	2.14E+07	2.68E+07	40166175	5.36E+07
2.27E-04	5.23E+08	5.23E+02	5.23E+05	5.23E+06	1.05E+07	1.57E+07	2.09E+07	2.62E+07	39259350	5.23E+07
2.27E-04	5.12E+08	5.12E+02	5.12E+05	5.12E+06	1.02E+07	1.53E+07	2.05E+07	2.56E+07	38372925	5.12E+07
2.28E-04	5.00E+08	5.00E+02	5.00E+05	5.00E+06	1.00E+07	1.50E+07	2.00E+07	2.50E+07	37506600	5.00E+07
2.28E-04	4.89E+08	4.89E+02	4.89E+05	4.89E+06	9.78E+06	1.47E+07	1.96E+07	2.44E+07	36659850	4.89E+07
2.28E-04	4.78E+08	4.78E+02	4.78E+05	4.78E+06	9.56E+06	1.43E+07	1.91E+07	2.39E+07	35832150	4.78E+07
2.29E-04	4.67E+08	4.67E+02	4.67E+05	4.67E+06	9.34E+06	1.40E+07	1.87E+07	2.33E+07	35023200	4.67E+07
2.29E-04	4.56E+08	4.56E+02	4.56E+05	4.56E+06	9.13E+06	1.37E+07	1.83E+07	2.28E+07	34232475	4.56E+07
2.30E-04	4.46E+08	4.46E+02	4.46E+05	4.46E+06	8.92E+06	1.34E+07	1.78E+07	2.23E+07	33459600	4.46E+07
2.30E-04	4.36E+08	4.36E+02	4.36E+05	4.36E+06	8.72E+06	1.31E+07	1.74E+07	2.18E+07	32704200	4.36E+07
2.30E-04	4.26E+08	4.26E+02	4.26E+05	4.26E+06	8.52E+06	1.28E+07	1.70E+07	2.13E+07	31965825	4.26E+07
2.31E-04	4.17E+08	4.17E+02	4.17E+05	4.17E+06	8.33E+06	1.25E+07	1.67E+07	2.08E+07	31244175	4.17E+07
2.31E-04	4.07E+08	4.07E+02	4.07E+05	4.07E+06	8.14E+06	1.22E+07	1.63E+07	2.04E+07	30538725	4.07E+07
2.32E-04	3.98E+08	3.98E+02	3.98E+05	3.98E+06	7.96E+06	1.19E+07	1.59E+07	1.99E+07	29849250	3.98E+07
2.32E-04	3.89E+08	3.89E+02	3.89E+05	3.89E+06	7.78E+06	1.17E+07	1.56E+07	1.95E+07	29175375	3.89E+07
2.32E-04	3.80E+08	3.80E+02	3.80E+05	3.80E+06	7.60E+06	1.14E+07	1.52E+07	1.90E+07	28516650	3.80E+07
2.33E-04	3.72E+08	3.72E+02	3.72E+05	3.72E+06	7.43E+06	1.11E+07	1.49E+07	1.86E+07	27872850	3.72E+07
2.33E-04	3.63E+08	3.63E+02	3.63E+05	3.63E+06	7.26E+06	1.09E+07	1.45E+07	1.82E+07	27243600	3.63E+07
2.34E-04	3.55E+08	3.55E+02	3.55E+05	3.55E+06	7.10E+06	1.07E+07	1.42E+07	1.78E+07	26628525	3.55E+07
2.34E-04	3.47E+08	3.47E+02	3.47E+05	3.47E+06	6.94E+06	1.04E+07	1.39E+07	1.74E+07	26027325	3.47E+07
2.34E-04	3.39E+08	3.39E+02	3.39E+05	3.39E+06	6.78E+06	1.02E+07	1.36E+07	1.70E+07	25439700	3.39E+07
2.35E-04	3.32E+08	3.32E+02	3.32E+05	3.32E+06	6.63E+06	9.95E+06	1.33E+07	1.66E+07	24865350	3.32E+07
2.35E-04	3.24E+08	3.24E+02	3.24E+05	3.24E+06	6.48E+06	9.72E+06	1.30E+07	1.62E+07	24303975	3.24E+07
2.36E-04	3.17E+08	3.17E+02	3.17E+05	3.17E+06	6.33E+06	9.50E+06	1.27E+07	1.58E+07	23755275	3.17E+07
2.36E-04	3.10E+08	3.10E+02	3.10E+05	3.10E+06	6.19E+06	9.29E+06	1.24E+07	1.55E+07	23218950	3.10E+07
2.36E-04	3.03E+08	3.03E+02	3.03E+05	3.03E+06	6.05E+06	9.08E+06	1.21E+07	1.51E+07	22694700	3.03E+07
2.37E-04	2.96E+08	2.96E+02	2.96E+05	2.96E+06	5.92E+06	8.87E+06	1.18E+07	1.48E+07	22182375	2.96E+07
2.37E-04	2.89E+08	2.89E+02	2.89E+05	2.89E+06	5.78E+06	8.67E+06	1.16E+07	1.45E+07	21681525	2.89E+07
2.38E-04	2.83E+08	2.83E+02	2.83E+05	2.83E+06	5.65E+06	8.48E+06	1.13E+07	1.41E+07	21192000	2.83E+07
2.38E-04	2.76E+08	2.76E+02	2.76E+05	2.76E+06	5.52E+06	8.29E+06	1.10E+07	1.38E+07	20713575	2.76E+07
2.38E-04	2.70E+08	2.70E+02	2.70E+05	2.70E+06	5.40E+06	8.10E+06	1.08E+07	1.35E+07	20245950	2.70E+07
2.39E-04	2.64E+08	2.64E+02	2.64E+05	2.64E+06	5.28E+06	7.92E+06	1.06E+07	1.32E+07	19788825	2.64E+07
2.39E-04	2.58E+08	2.58E+02	2.58E+05	2.58E+06	5.16E+06	7.74E+06	1.03E+07	1.29E+07	19342050	2.58E+07
2.40E-04	2.52E+08	2.52E+02	2.52E+05	2.52E+06	5.04E+06	7.56E+06	1.01E+07	1.26E+07	18905400	2.52E+07
2.40E-04	2.46E+08	2.46E+02	2.46E+05	2.46E+06	4.93E+06	7.39E+06	9.86E+06	1.23E+07	18478575	2.46E+07
2.40E-04	2.41E+08	2.41E+02	2.41E+05	2.41E+06	4.82E+06	7.22E+06	9.63E+06	1.20E+07	18061350	2.41E+07
2.41E-04	2.35E+08	2.35E+02	2.35E+05	2.35E+06	4.71E+06	7.06E+06	9.42E+06	1.18E+07	17653575	2.35E+07
2.41E-04	2.30E+08	2.30E+02	2.30E+05	2.30E+06	4.60E+06	6.90E+06	9.20E+06	1.15E+07	17255025	2.30E+07
2.42E-04	2.25E+08	2.25E+02	2.25E+05	2.25E+06	4.50E+06	6.75E+06	8.99E+06	1.12E+07	16865475	2.25E+07
2.42E-04	2.20E+08	2.20E+02	2.20E+05	2.20E+06	4.40E+06	6.59E+06	8.79E+06	1.10E+07	16484700	2.20E+07
2.42E-04	2.15E+08	2.15E+02	2.15E+05	2.15E+06	4.30E+06	6.45E+06	8.59E+06	1.07E+07	16112550	2.15E+07
2.43E-04	2.10E+08	2.10E+02	2.10E+05	2.10E+06	4.20E+06	6.30E+06	8.40E+06	1.05E+07	15748725	2.10E+07
2.43E-04	2.05E+08	2.05E+02	2.05E+05	2.05E+06	4.10E+06	6.16E+06	8.21E+06	1.03E+07	15393225	2.05E+07
2.44E-04	2.01E+08	2.01E+02	2.01E+05	2.01E+06	4.01E+06	6.02E+06	8.02E+06	1.00E+07	15045675	2.01E+07
2.44E-04	1.96E+08	1.96E+02	1.96E+05	1.96E+06	3.92E+06	5.88E+06	7.84E+06	9.80E+06	14706000	1.96E+07
2.44E-04	1.92E+08	1.92E+02	1.92E+05	1.92E+06	3.83E+06	5.75E+06	7.67E+06	9.58E+06	14373975	1.92E+07
2.45E-04	1.87E+08	1.87E+02	1.87E+05	1.87E+06	3.75E+06	5.62E+06	7.49E+06	9.37E+06	14049450	1.87E+07
2.45E-04	1.83E+08	1.83E+02	1.83E+05	1.83E+06	3.66E+06	5.49E+06	7.32E+06	9.15E+06	13732275	1.83E+07
2.46E-04	1.79E+08	1.79E+02	1.79E+05	1.79E+06	3.58E+06	5.37E+06	7.16E+06	8.95E+06	13422225	1.79E+07
2.46E-04	1.75E+08	1.75E+02	1.75E+05	1.75E+06	3.50E+06	5.25E+06	7.00E+06	8.75E+06	13119225	1.75E+07
2.46E-04	1.71E+08	1.71E+02	1.71E+05	1.71E+06	3.42E+06	5.13E+06	6.84E+06	8.55E+06	12822975	1.71E+07
2.47E-04	1.67E+08	1.67E+02	1.67E+05	1.67E+06	3.34E+06	5.01E+06	6.68E+06	8.36E+06	12533475	1.67E+07
2.47E-04	1.63E+08	1.63E+02	1.63E+05	1.63E+06	3.27E+06	4.90E+06	6.53E+06	8.17E+06	12250500	1.63E+07
2.48E-04	1.60E+08	1.60E+02	1.60E+05	1.60E+06	3.19E+06	4.79E+06	6.39E+06	7.98E+06	11973975	1.60E+07
2.48E-04	1.56E+08	1.56E+02	1.56E+05	1.56E+06	3.12E+06	4.68E+06	6.24E+06	7.80E+06	11703600	1.56E+07
2.48E-04	1.53E+08	1.53E+02	1.53E+05	1.53E+06	3.05E+06	4.58E+06	6.10E+06	7.63E+06	11439375	1.53E+07
2.49E-04	1.49E+08	1.49E+02	1.49E+05	1.49E+06	2.98E+06	4.47E+06	5.96E+06	7.45E+06	11181150	1.49E+07
2.49E-04	1.46E+08	1.46E+02	1.46E+05	1.46E+06	2.91E+06	4.37E+06	5.83E+06	7.29E+06	10928700	1.46E+07
2.50E-04	1.42E+08	1.42E+02	1.42E+05	1.42E+06	2.85E+06	4.27E+06	5.70E+06	7.12E+06	10681950	1.42E+07
2.50E-04	1.39E+08	1.39E+02	1.39E+05	1.39E+06	2.78E+06	4.18E+06	5.57E+06	6.96E+06	10440750	1.39E+07
2.50E-04	1.36E+08	1.36E+02	1.36E+05	1.36E+06	2.72E+06	4.08E+06	5.44E+06	6.80E+06	10205025	1.36E+07
2.51E-04	1.33E+08	1.33E+02	1.33E+05	1.33E+06	2.66E+06	3.99E+06	5.32E+06	6.65E+06	9974625	1.33E+07
2.51E-04	1.30E+08	1.30E+02	1.30E+05	1.30E+06	2.60E+06	3.90E+06	5.20E+06	6.50E+06	9749475	1.30E+07
2.52E-04	1.27E+08	1.27E+02	1.27E+05	1.27E+06	2.54E+06	3.81E+06	5.08E+06	6.35E+06	9529350	1.27E+07
2.52E-04	1.24E+08	1.24E+02	1.24E+05	1.24E+06	2.48E+06	3.73E+06	4.97E+06	6.21E+06	9314175	1.24E+07
2.52E-04	1.21E+08	1.21E+02	1.21E+05	1.21E+06	2.43E+06	3.64E+06	4.86E+06	6.07E+06	9103950	1.21E+07
2.53E-04	1.19E+08	1.19E+02	1.19E+05	1.19E+06	2.37E+06	3.56E+06	4.75E+06	5.93E+06	8898375	1.19E+07
2.53E-04	1.16E+08	1.16E+02	1.16E+05	1.16E+06	2.32E+06	3.48E+06	4.64E+06	5.80E+06	8697450	1.16E+07
2.54E-04	1.13E+08	1.13E+02	1.13E+05	1.13E+06	2.27E+06	3.40E+06	4.53E+06	5.67E+06	8501100	1.13E+07
2.54E-04	1.11E+08	1.11E+02	1.11E+05	1.11E+06	2.22E+06	3.32E+06	4.43E+06	5.54E+06	8309175	1.11E+07
2.54E-04	1.08E+08	1.08E+02	1.08E+05	1.08E+06	2.17E+06	3.25E+06	4.33E+06	5.41E+06	8121600	1.08E+07
2.55E-04	1.06E+08	1.06E+02	1.06E+05	1.06E+06	2.12E+06	3.18E+06	4.23E+06	5.29E+06	7938225	1.06E+07
2.55E-04	1.03E+08	1.03E+02	1.03E+05	1.03E+06	2.07E+06	3.10E+06	4.14E+06	5.17E+06	7759050	1.03E+07
2.56E-04	1.01E+08	1.01E+02	1.01E+05	1.01E+06	2.02E+06	3.03E+06	4.04E+06	5.06E+06	7583850	1.01E+07
2.56E-04	9.88E+07	9.88E+01	9.88E+04	9.88E+05	1.98E+06	2.97E+06	3.95E+06	4.94E+06	7412625	9.88E+06
2.56E-04	9.66E+07	9.66E+01	9.66E+04	9.66E+05	1.93E+06	2.90E+06	3.86E+06	4.83E+06	7245270	9.66E+06
2.57E-04	9.44E+07	9.44E+01	9.44E+04	9.44E+05	1.89E+06	2.83E+06	3.78E+06	4.72E+06	7081695	9.44E+06
2.57E-04	9.23E+07	9.23E+01	9.23E+04	9.23E+05	1.85E+06	2.77E+06	3.69E+06	4.61E+06	6921810	9.23E+06
2.58E-04	9.02E+07	9.02E+01	9.02E+04	9.02E+05	1.80E+06	2.71E+06	3.61E+06	4.51E+06	6765540	9.02E+06
2.58E-04	8.82E+07	8.82E+01	8.82E+04	8.82E+05	1.76E+06	2.65E+06	3.53E+06	4.41E+06	6612795	8.82E+06
2.58E-04	8.62E+07	8.62E+01	8.62E+04	8.62E+05	1.72E+06	2.59E+06	3.45E+06	4.31E+06	6463492.5	8.62E+06
2.59E-04	8.42E+07	8.42E+01	8.42E+04	8.42E+05	1.68E+06	2.53E+06	3.37E+06	4.21E+06	6317572.5	8.42E+06
2.59E-04	8.23E+07	8.23E+01	8.23E+04	8.23E+05	1.65E+06	2.47E+06	3.29E+06	4.12E+06	6174937.5	8.23E+06
2.60E-04	8.05E+07	8.05E+01	8.05E+04	8.05E+05	1.61E+06	2.41E+06	3.22E+06	4.02E+06	6035527.5	8.05E+06
2.60E-04	7.87E+07	7.87E+01	7.87E+04	7.87E+05	1.57E+06	2.36E+06	3.15E+06	3.93E+06	5899260	7.87E+06
2.60E-04	7.69E+07	7.69E+01	7.69E+04	7.69E+05	1.54E+06	2.31E+06	3.08E+06	3.84E+06	5766075	7.69E+06
2.61E-04	7.51E+07	7.51E+01	7.51E+04	7.51E+05	1.50E+06	2.25E+06	3.01E+06	3.76E+06	5635897.5	7.51E+06
2.61E-04	7.34E+07	7.34E+01	7.34E+04	7.34E+05	1.47E+06	2.20E+06	2.94E+06	3.67E+06	5508652.5	7.34E+06
2.62E-04	7.18E+07	7.18E+01	7.18E+04	7.18E+05	1.44E+06	2.15E+06	2.87E+06	3.59E+06	5384287.5	7.18E+06
2.62E-04	7.02E+07	7.02E+01	7.02E+04	7.02E+05	1.40E+06	2.11E+06	2.81E+06	3.51E+06	5262727.5	7.02E+06
2.62E-04	6.86E+07	6.86E+01	6.86E+04	6.86E+05	1.37E+06	2.06E+06	2.74E+06	3.43E+06	5143912.5	6.86E+06
2.63E-04	6.70E+07	6.70E+01	6.70E+04	6.70E+05	1.34E+06	2.01E+06	2.68E+06	3.35E+06	5027775	6.70E+06
2.63E-04	6.55E+07	6.55E+01	6.55E+04	6.55E+05	1.31E+06	1.97E+06	2.62E+06	3.28E+06	4914262.5	6.55E+06
2.64E-04	6.40E+07	6.40E+01	6.40E+04	6.40E+05	1.28E+06	1.92E+06	2.56E+06	3.20E+06	4803315	6.40E+06
2.64E-04	6.26E+07	6.26E+01	6.26E+04	6.26E+05	1.25E+06	1.88E+06	2.50E+06	3.13E+06	4694872.5	6.26E+06
2.64E-04	6.12E+07	6.12E+01	6.12E+04	6.12E+05	1.22E+06	1.84E+06	2.45E+06	3.06E+06	4588875	6.12E+06
2.65E-04	5.98E+07	5.98E+01	5.98E+04	5.98E+05	1.20E+06	1.79E+06	2.39E+06	2.99E+06	4485270	5.98E+06
2.65E-04	5.85E+07	5.85E+01	5.85E+04	5.85E+05	1.17E+06	1.75E+06	2.34E+06	2.92E+06	4384012.5	5.85E+06
2.66E-04	5.71E+07	5.71E+01	5.71E+04	5.71E+05	1.14E+06	1.71E+06	2.29E+06	2.86E+06	4285035	5.71E+06
2.66E-04	5.58E+07	5.58E+01	5.58E+04	5.58E+05	1.12E+06	1.68E+06	2.23E+06	2.79E+06	4188292.5	5.58E+06
2.66E-04	5.46E+07	5.46E+01	5.46E+04	5.46E+05	1.09E+06	1.64E+06	2.18E+06	2.73E+06	4093732.5	5.46E+06
2.67E-04	5.34E+07	5.34E+01	5.34E+04	5.34E+05	1.07E+06	1.60E+06	2.13E+06	2.67E+06	4001310	5.34E+06
2.67E-04	5.21E+07	5.21E+01	5.21E+04	5.21E+05	1.04E+06	1.56E+06	2.09E+06	2.61E+06	3910972.5	5.21E+06
2.68E-04	5.10E+07	5.10E+01	5.10E+04	5.10E+05	1.02E+06	1.53E+06	2.04E+06	2.55E+06	3822675	5.10E+06
2.68E-04	4.98E+07	4.98E+01	4.98E+04	4.98E+05	9.96E+05	1.49E+06	1.99E+06	2.49E+06	3736365	4.98E+06
2.68E-04	4.87E+07	4.87E+01	4.87E+04	4.87E+05	9.74E+05	1.46E+06	1.95E+06	2.43E+06	3652012.5	4.87E+06
2.69E-04	4.76E+07	4.76E+01	4.76E+04	4.76E+05	9.52E+05	1.43E+06	1.90E+06	2.38E+06	3569557.5	4.76E+06
2.69E-04	4.65E+07	4.65E+01	4.65E+04	4.65E+05	9.30E+05	1.40E+06	1.86E+06	2.33E+06	3488970	4.65E+06
2.70E-04	4.55E+07	4.55E+01	4.55E+04	4.55E+05	9.09E+05	1.36E+06	1.82E+06	2.27E+06	3410197.5	4.55E+06
2.70E-04	4.44E+07	4.44E+01	4.44E+04	4.44E+05	8.89E+05	1.33E+06	1.78E+06	2.22E+06	3333210	4.44E+06
2.70E-04	4.34E+07	4.34E+01	4.34E+04	4.34E+05	8.69E+05	1.30E+06	1.74E+06	2.17E+06	3257955	4.34E+06
2.71E-04	4.25E+07	4.25E+01	4.25E+04	4.25E+05	8.49E+05	1.27E+06	1.70E+06	2.12E+06	3184402.5	4.25E+06
2.71E-04	4.15E+07	4.15E+01	4.15E+04	4.15E+05	8.30E+05	1.25E+06	1.66E+06	2.08E+06	3112507.5	4.15E+06
2.72E-04	4.06E+07	4.06E+01	4.06E+04	4.06E+05	8.11E+05	1.22E+06	1.62E+06	2.03E+06	3042240	4.06E+06
2.72E-04	3.96E+07	3.96E+01	3.96E+04	3.96E+05	7.93E+05	1.19E+06	1.59E+06	1.98E+06	2973555	3.96E+06
2.72E-04	3.88E+07	3.88E+01	3.88E+04	3.88E+05	7.75E+05	1.16E+06	1.55E+06	1.94E+06	2906415	3.88E+06
2.73E-04	3.79E+07	3.79E+01	3.79E+04	3.79E+05	7.58E+05	1.14E+06	1.52E+06	1.89E+06	2840797.5	3.79E+06
2.73E-04	3.70E+07	3.70E+01	3.70E+04	3.70E+05	7.40E+05	1.11E+06	1.48E+06	1.85E+06	2776665	3.70E+06
2.74E-04	3.62E+07	3.62E+01	3.62E+04	3.62E+05	7.24E+05	1.09E+06	1.45E+06	1.81E+06	2713972.5	3.62E+06
2.74E-04	3.54E+07	3.54E+01	3.54E+04	3.54E+05	7.07E+05	1.06E+06	1.41E+06	1.77E+06	2652705	3.54E+06
2.74E-04	3.46E+07	3.46E+01	3.46E+04	3.46E+05	6.91E+05	1.04E+06	1.38E+06	1.73E+06	2592810	3.46E+06
2.75E-04	3.38E+07	3.38E+01	3.38E+04	3.38E+05	6.76E+05	1.01E+06	1.35E+06	1.69E+06	2534272.5	3.38E+06
2.75E-04	3.30E+07	3.30E+01	3.30E+04	3.30E+05	6.61E+05	9.91E+05	1.32E+06	1.65E+06	2477055	3.30E+06
2.76E-04	3.23E+07	3.23E+01	3.23E+04	3.23E+05	6.46E+05	9.68E+05	1.29E+06	1.61E+06	2421135	3.23E+06
2.76E-04	3.16E+07	3.16E+01	3.16E+04	3.16E+05	6.31E+05	9.47E+05	1.26E+06	1.58E+06	2366475	3.16E+06
2.76E-04	3.08E+07	3.08E+01	3.08E+04	3.08E+05	6.17E+05	9.25E+05	1.23E+06	1.54E+06	2313045	3.08E+06
2.77E-04	3.01E+07	3.01E+01	3.01E+04	3.01E+05	6.03E+05	9.04E+05	1.21E+06	1.51E+06	2260822.5	3.01E+06
2.77E-04	2.95E+07	2.95E+01	2.95E+04	2.95E+05	5.89E+05	8.84E+05	1.18E+06	1.47E+06	2209777.5	2.95E+06
2.78E-04	2.88E+07	2.88E+01	2.88E+04	2.88E+05	5.76E+05	8.64E+05	1.15E+06	1.44E+06	2159887.5	2.88E+06
2.78E-04	2.81E+07	2.81E+01	2.81E+04	2.81E+05	5.63E+05	8.44E+05	1.13E+06	1.41E+06	2111130	2.81E+06
2.78E-04	2.75E+07	2.75E+01	2.75E+04	2.75E+05	5.50E+05	8.25E+05	1.10E+06	1.38E+06	2063467.5	2.75E+06
2.79E-04	2.69E+07	2.69E+01	2.69E+04	2.69E+05	5.38E+05	8.07E+05	1.08E+06	1.34E+06	2016877.5	2.69E+06
2.79E-04	2.63E+07	2.63E+01	2.63E+04	2.63E+05	5.26E+05	7.89E+05	1.05E+06	1.31E+06	1971345	2.63E+06
2.80E-04	2.57E+07	2.57E+01	2.57E+04	2.57E+05	5.14E+05	7.71E+05	1.03E+06	1.28E+06	1926832.5	2.57E+06
2.80E-04	2.51E+07	2.51E+01	2.51E+04	2.51E+05	5.02E+05	7.53E+05	1.00E+06	1.26E+06	1883332.5	2.51E+06
2.80E-04	2.45E+07	2.45E+01	2.45E+04	2.45E+05	4.91E+05	7.36E+05	9.82E+05	1.23E+06	1840815	2.45E+06
2.81E-04	2.40E+07	2.40E+01	2.40E+04	2.40E+05	4.80E+05	7.20E+05	9.60E+05	1.20E+06	1799257.5	2.40E+06
2.81E-04	2.34E+07	2.34E+01	2.34E+04	2.34E+05	4.69E+05	7.03E+05	9.38E+05	1.17E+06	1758630	2.34E+06
2.82E-04	2.29E+07	2.29E+01	2.29E+04	2.29E+05	4.58E+05	6.88E+05	9.17E+05	1.15E+06	1718925	2.29E+06
2.82E-04	2.24E+07	2.24E+01	2.24E+04	2.24E+05	4.48E+05	6.72E+05	8.96E+05	1.12E+06	1680120	2.24E+06
2.82E-04	2.19E+07	2.19E+01	2.19E+04	2.19E+05	4.38E+05	6.57E+05	8.76E+05	1.09E+06	1642185	2.19E+06
2.83E-04	2.14E+07	2.14E+01	2.14E+04	2.14E+05	4.28E+05	6.42E+05	8.56E+05	1.07E+06	1605112.5	2.14E+06
2.83E-04	2.09E+07	2.09E+01	2.09E+04	2.09E+05	4.18E+05	6.28E+05	8.37E+05	1.05E+06	1568872.5	2.09E+06
2.84E-04	2.04E+07	2.04E+01	2.04E+04	2.04E+05	4.09E+05	6.13E+05	8.18E+05	1.02E+06	1533457.5	2.04E+06
2.84E-04	2.00E+07	2.00E+01	2.00E+04	2.00E+05	4.00E+05	6.00E+05	7.99E+05	9.99E+05	1498830	2.00E+06
2.84E-04	1.95E+07	1.95E+01	1.95E+04	1.95E+05	3.91E+05	5.86E+05	7.81E+05	9.77E+05	1464997.5	1.95E+06
2.85E-04	1.91E+07	1.91E+01	1.91E+04	1.91E+05	3.82E+05	5.73E+05	7.64E+05	9.55E+05	1431922.5	1.91E+06
2.85E-04	1.87E+07	1.87E+01	1.87E+04	1.87E+05	3.73E+05	5.60E+05	7.46E+05	9.33E+05	1399590	1.87E+06
2.86E-04	1.82E+07	1.82E+01	1.82E+04	1.82E+05	3.65E+05	5.47E+05	7.30E+05	9.12E+05	1367992.5	1.82E+06
2.86E-04	1.78E+07	1.78E+01	1.78E+04	1.78E+05	3.57E+05	5.35E+05	7.13E+05	8.91E+05	1337107.5	1.78E+06
2.86E-04	1.74E+07	1.74E+01	1.74E+04	1.74E+05	3.49E+05	5.23E+05	6.97E+05	8.71E+05	1306920	1.74E+06
2.87E-04	1.70E+07	1.70E+01	1.70E+04	1.70E+05	3.41E+05	5.11E+05	6.81E+05	8.52E+05	1277415	1.70E+06
2.87E-04	1.66E+07	1.66E+01	1.66E+04	1.66E+05	3.33E+05	4.99E+05	6.66E+05	8.32E+05	1248570	1.66E+06
2.88E-04	1.63E+07	1.63E+01	1.63E+04	1.63E+05	3.25E+05	4.88E+05	6.51E+05	8.14E+05	1220385	1.63E+06
2.88E-04	1.59E+07	1.59E+01	1.59E+04	1.59E+05	3.18E+05	4.77E+05	6.36E+05	7.95E+05	1192830	1.59E+06
2.88E-04	1.55E+07	1.55E+01	1.55E+04	1.55E+05	3.11E+05	4.66E+05	6.22E+05	7.77E+05	1165905	1.55E+06
2.89E-04	1.52E+07	1.52E+01	1.52E+04	1.52E+05	3.04E+05	4.56E+05	6.08E+05	7.60E+05	1139580	1.52E+06
2.89E-04	1.49E+07	1.49E+01	1.49E+04	1.49E+05	2.97E+05	4.46E+05	5.94E+05	7.43E+05	1113847.5	1.49E+06
2.90E-04	1.45E+07	1.45E+01	1.45E+04	1.45E+05	2.90E+05	4.35E+05	5.81E+05	7.26E+05	1088700	1.45E+06
2.90E-04	1.42E+07	1.42E+01	1.42E+04	1.42E+05	2.84E+05	4.26E+05	5.68E+05	7.09E+05	1064122.5	1.42E+06
2.90E-04	1.39E+07	1.39E+01	1.39E+04	1.39E+05	2.77E+05	4.16E+05	5.55E+05	6.93E+05	1040100	1.39E+06
2.91E-04	1.36E+07	1.36E+01	1.36E+04	1.36E+05	2.71E+05	4.07E+05	5.42E+05	6.78E+05	1016617.5	1.36E+06
2.91E-04	1.32E+07	1.32E+01	1.32E+04	1.32E+05	2.65E+05	3.97E+05	5.30E+05	6.62E+05	993667.5	1.32E+06
2.92E-04	1.29E+07	1.29E+01	1.29E+04	1.29E+05	2.59E+05	3.88E+05	5.18E+05	6.47E+05	971227.5	1.29E+06
2.92E-04	1.27E+07	1.27E+01	1.27E+04	1.27E+05	2.53E+05	3.80E+05	5.06E+05	6.33E+05	949305	1.27E+06
2.92E-04	1.24E+07	1.24E+01	1.24E+04	1.24E+05	2.47E+05	3.71E+05	4.95E+05	6.19E+05	927870	1.24E+06
2.93E-04	1.21E+07	1.21E+01	1.21E+04	1.21E+05	2.42E+05	3.63E+05	4.84E+05	6.05E+05	906922.5	1.21E+06
2.93E-04	1.18E+07	1.18E+01	1.18E+04	1.18E+05	2.36E+05	3.55E+05	4.73E+05	5.91E+05	886447.5	1.18E+06
2.94E-04	1.16E+07	1.16E+01	1.16E+04	1.16E+05	2.31E+05	3.47E+05	4.62E+05	5.78E+05	866437.5	1.16E+06
2.94E-04	1.13E+07	1.13E+01	1.13E+04	1.13E+05	2.26E+05	3.39E+05	4.52E+05	5.65E+05	846870	1.13E+06
2.94E-04	1.10E+07	1.10E+01	1.10E+04	1.10E+05	2.21E+05	3.31E+05	4.41E+05	5.52E+05	827752.5	1.10E+06
2.95E-04	1.08E+07	1.08E+01	1.08E+04	1.08E+05	2.16E+05	3.24E+05	4.32E+05	5.39E+05	809062.5	1.08E+06
2.95E-04	1.05E+07	1.05E+01	1.05E+04	1.05E+05	2.11E+05	3.16E+05	4.22E+05	5.27E+05	790800	1.05E+06
2.96E-04	1.03E+07	1.03E+01	1.03E+04	1.03E+05	2.06E+05	3.09E+05	4.12E+05	5.15E+05	772942.5	1.03E+06
2.96E-04	1.01E+07	1.01E+01	1.01E+04	1.01E+05	2.01E+05	3.02E+05	4.03E+05	5.04E+05	755497.5	1.01E+06
2.96E-04	9.85E+06	9.85E+00	9.85E+03	9.85E+04	1.97E+05	2.95E+05	3.94E+05	4.92E+05	738437.25	9.85E+05
2.97E-04	9.62E+06	9.62E+00	9.62E+03	9.62E+04	1.92E+05	2.89E+05	3.85E+05	4.81E+05	721765.5	9.62E+05
2.97E-04	9.41E+06	9.41E+00	9.41E+03	9.41E+04	1.88E+05	2.82E+05	3.76E+05	4.70E+05	705470.25	9.41E+05
2.98E-04	9.19E+06	9.19E+00	9.19E+03	9.19E+04	1.84E+05	2.76E+05	3.68E+05	4.60E+05	689543.25	9.19E+05
2.98E-04	8.99E+06	8.99E+00	8.99E+03	8.99E+04	1.80E+05	2.70E+05	3.59E+05	4.49E+05	673975.5	8.99E+05
2.98E-04	8.78E+06	8.78E+00	8.78E+03	8.78E+04	1.76E+05	2.64E+05	3.51E+05	4.39E+05	658758.75	8.78E+05
2.99E-04	8.59E+06	8.59E+00	8.59E+03	8.59E+04	1.72E+05	2.58E+05	3.43E+05	4.29E+05	643886.25	8.59E+05
2.99E-04	8.39E+06	8.39E+00	8.39E+03	8.39E+04	1.68E+05	2.52E+05	3.36E+05	4.20E+05	629349	8.39E+05
3.00E-04	8.20E+06	8.20E+00	8.20E+03	8.20E+04	1.64E+05	2.46E+05	3.28E+05	4.10E+05	615140.25	8.20E+05
3.00E-04	8.02E+06	8.02E+00	8.02E+03	8.02E+04	1.60E+05	2.41E+05	3.21E+05	4.01E+05	601252.5	8.02E+05
3.00E-04	7.84E+06	7.84E+00	7.84E+03	7.84E+04	1.57E+05	2.35E+05	3.13E+05	3.92E+05	587678.25	7.84E+05
3.01E-04	7.66E+06	7.66E+00	7.66E+03	7.66E+04	1.53E+05	2.30E+05	3.06E+05	3.83E+05	574410	7.66E+05
3.01E-04	7.49E+06	7.49E+00	7.49E+03	7.49E+04	1.50E+05	2.25E+05	2.99E+05	3.74E+05	561441.75	7.49E+05
3.02E-04	7.32E+06	7.32E+00	7.32E+03	7.32E+04	1.46E+05	2.20E+05	2.93E+05	3.66E+05	548766	7.32E+05
3.02E-04	7.15E+06	7.15E+00	7.15E+03	7.15E+04	1.43E+05	2.15E+05	2.86E+05	3.58E+05	536376.75	7.15E+05
3.02E-04	6.99E+06	6.99E+00	6.99E+03	6.99E+04	1.40E+05	2.10E+05	2.80E+05	3.50E+05	524267.25	6.99E+05
3.03E-04	6.83E+06	6.83E+00	6.83E+03	6.83E+04	1.37E+05	2.05E+05	2.73E+05	3.42E+05	512430.75	6.83E+05
3.03E-04	6.68E+06	6.68E+00	6.68E+03	6.68E+04	1.34E+05	2.00E+05	2.67E+05	3.34E+05	500861.25	6.68E+05
3.04E-04	6.53E+06	6.53E+00	6.53E+03	6.53E+04	1.31E+05	1.96E+05	2.61E+05	3.26E+05	489553.5	6.53E+05
3.04E-04	6.38E+06	6.38E+00	6.38E+03	6.38E+04	1.28E+05	1.91E+05	2.55E+05	3.19E+05	478500.75	6.38E+05
3.04E-04	6.24E+06	6.24E+00	6.24E+03	6.24E+04	1.25E+05	1.87E+05	2.49E+05	3.12E+05	467697.75	6.24E+05
3.05E-04	6.10E+06	6.10E+00	6.10E+03	6.10E+04	1.22E+05	1.83E+05	2.44E+05	3.05E+05	457138.5	6.10E+05
3.05E-04	5.96E+06	5.96E+00	5.96E+03	5.96E+04	1.19E+05	1.79E+05	2.38E+05	2.98E+05	446817.75	5.96E+05
3.06E-04	5.82E+06	5.82E+00	5.82E+03	5.82E+04	1.16E+05	1.75E+05	2.33E+05	2.91E+05	436730.25	5.82E+05
3.06E-04	5.69E+06	5.69E+00	5.69E+03	5.69E+04	1.14E+05	1.71E+05	2.28E+05	2.85E+05	426870	5.69E+05
3.06E-04	5.56E+06	5.56E+00	5.56E+03	5.56E+04	1.11E+05	1.67E+05	2.23E+05	2.78E+05	417232.5	5.56E+05
3.07E-04	5.44E+06	5.44E+00	5.44E+03	5.44E+04	1.09E+05	1.63E+05	2.18E+05	2.72E+05	407813.25	5.44E+05
3.07E-04	5.31E+06	5.31E+00	5.31E+03	5.31E+04	1.06E+05	1.59E+05	2.13E+05	2.66E+05	398605.5	5.31E+05
3.08E-04	5.19E+06	5.19E+00	5.19E+03	5.19E+04	1.04E+05	1.56E+05	2.08E+05	2.60E+05	389606.25	5.19E+05
3.08E-04	5.08E+06	5.08E+00	5.08E+03	5.08E+04	1.02E+05	1.52E+05	2.03E+05	2.54E+05	380810.25	5.08E+05
3.08E-04	4.96E+06	4.96E+00	4.96E+03	4.96E+04	9.93E+04	1.49E+05	1.99E+05	2.48E+05	372213	4.96E+05
3.09E-04	4.85E+06	4.85E+00	4.85E+03	4.85E+04	9.70E+04	1.46E+05	1.94E+05	2.43E+05	363809.25	4.85E+05
3.09E-04	4.74E+06	4.74E+00	4.74E+03	4.74E+04	9.48E+04	1.42E+05	1.90E+05	2.37E+05	355596	4.74E+05
3.10E-04	4.63E+06	4.63E+00	4.63E+03	4.63E+04	9.27E+04	1.39E+05	1.85E+05	2.32E+05	347567.25	4.63E+05
3.10E-04	4.53E+06	4.53E+00	4.53E+03	4.53E+04	9.06E+04	1.36E+05	1.81E+05	2.26E+05	339720.75	4.53E+05
3.10E-04	4.43E+06	4.43E+00	4.43E+03	4.43E+04	8.85E+04	1.33E+05	1.77E+05	2.21E+05	332050.5	4.43E+05
3.11E-04	4.33E+06	4.33E+00	4.33E+03	4.33E+04	8.65E+04	1.30E+05	1.73E+05	2.16E+05	324554.25	4.33E+05
3.11E-04	4.23E+06	4.23E+00	4.23E+03	4.23E+04	8.46E+04	1.27E+05	1.69E+05	2.11E+05	317226.75	4.23E+05
3.12E-04	4.13E+06	4.13E+00	4.13E+03	4.13E+04	8.27E+04	1.24E+05	1.65E+05	2.07E+05	310064.25	4.13E+05
3.12E-04	4.04E+06	4.04E+00	4.04E+03	4.04E+04	8.08E+04	1.21E+05	1.62E+05	2.02E+05	303064.5	4.04E+05
3.12E-04	3.95E+06	3.95E+00	3.95E+03	3.95E+04	7.90E+04	1.18E+05	1.58E+05	1.97E+05	296222.25	3.95E+05
3.13E-04	3.86E+06	3.86E+00	3.86E+03	3.86E+04	7.72E+04	1.16E+05	1.54E+05	1.93E+05	289534.5	3.86E+05
3.13E-04	3.77E+06	3.77E+00	3.77E+03	3.77E+04	7.55E+04	1.13E+05	1.51E+05	1.89E+05	282997.5	3.77E+05
3.14E-04	3.69E+06	3.69E+00	3.69E+03	3.69E+04	7.38E+04	1.11E+05	1.48E+05	1.84E+05	276608.25	3.69E+05
3.14E-04	3.60E+06	3.60E+00	3.60E+03	3.60E+04	7.21E+04	1.08E+05	1.44E+05	1.80E+05	270363	3.60E+05
3.14E-04	3.52E+06	3.52E+00	3.52E+03	3.52E+04	7.05E+04	1.06E+05	1.41E+05	1.76E+05	264259.5	3.52E+05
3.15E-04	3.44E+06	3.44E+00	3.44E+03	3.44E+04	6.89E+04	1.03E+05	1.38E+05	1.72E+05	258293.25	3.44E+05
3.15E-04	3.37E+06	3.37E+00	3.37E+03	3.37E+04	6.73E+04	1.01E+05	1.35E+05	1.68E+05	252462	3.37E+05
3.16E-04	3.29E+06	3.29E+00	3.29E+03	3.29E+04	6.58E+04	9.87E+04	1.32E+05	1.65E+05	246762	3.29E+05
3.16E-04	3.22E+06	3.22E+00	3.22E+03	3.22E+04	6.43E+04	9.65E+04	1.29E+05	1.61E+05	241191	3.22E+05
3.16E-04	3.14E+06	3.14E+00	3.14E+03	3.14E+04	6.29E+04	9.43E+04	1.26E+05	1.57E+05	235745.25	3.14E+05
3.17E-04	3.07E+06	3.07E+00	3.07E+03	3.07E+04	6.14E+04	9.22E+04	1.23E+05	1.54E+05	230423.25	3.07E+05
3.17E-04	3.00E+06	3.00E+00	3.00E+03	3.00E+04	6.01E+04	9.01E+04	1.20E+05	1.50E+05	225220.5	3.00E+05
3.18E-04	2.94E+06	2.94E+00	2.94E+03	2.94E+04	5.87E+04	8.81E+04	1.17E+05	1.47E+05	220136.25	2.94E+05
3.18E-04	2.87E+06	2.87E+00	2.87E+03	2.87E+04	5.74E+04	8.61E+04	1.15E+05	1.43E+05	215166	2.87E+05
3.18E-04	2.80E+06	2.80E+00	2.80E+03	2.80E+04	5.61E+04	8.41E+04	1.12E+05	1.40E+05	210308.25	2.80E+05
3.19E-04	2.74E+06	2.74E+00	2.74E+03	2.74E+04	5.48E+04	8.22E+04	1.10E+05	1.37E+05	205560	2.74E+05
3.19E-04	2.68E+06	2.68E+00	2.68E+03	2.68E+04	5.36E+04	8.04E+04	1.07E+05	1.34E+05	200919	2.68E+05
3.20E-04	2.62E+06	2.62E+00	2.62E+03	2.62E+04	5.24E+04	7.86E+04	1.05E+05	1.31E+05	196383	2.62E+05
3.20E-04	2.56E+06	2.56E+00	2.56E+03	2.56E+04	5.12E+04	7.68E+04	1.02E+05	1.28E+05	191949	2.56E+05
3.20E-04	2.50E+06	2.50E+00	2.50E+03	2.50E+04	5.00E+04	7.50E+04	1.00E+05	1.25E+05	187615.5	2.50E+05
3.21E-04	2.45E+06	2.45E+00	2.45E+03	2.45E+04	4.89E+04	7.34E+04	9.78E+04	1.22E+05	183379.5	2.45E+05
3.21E-04	2.39E+06	2.39E+00	2.39E+03	2.39E+04	4.78E+04	7.17E+04	9.56E+04	1.19E+05	179239.5	2.39E+05
3.22E-04	2.34E+06	2.34E+00	2.34E+03	2.34E+04	4.67E+04	7.01E+04	9.34E+04	1.17E+05	175193.25	2.34E+05
3.22E-04	2.28E+06	2.28E+00	2.28E+03	2.28E+04	4.57E+04	6.85E+04	9.13E+04	1.14E+05	171237.75	2.28E+05
3.22E-04	2.23E+06	2.23E+00	2.23E+03	2.23E+04	4.46E+04	6.69E+04	8.93E+04	1.12E+05	167371.5	2.23E+05
3.23E-04	2.18E+06	2.18E+00	2.18E+03	2.18E+04	4.36E+04	6.54E+04	8.72E+04	1.09E+05	163593	2.18E+05
3.23E-04	2.13E+06	2.13E+00	2.13E+03	2.13E+04	4.26E+04	6.40E+04	8.53E+04	1.07E+05	159899.25	2.13E+05
3.24E-04	2.08E+06	2.08E+00	2.08E+03	2.08E+04	4.17E+04	6.25E+04	8.34E+04	1.04E+05	156289.5	2.08E+05
3.24E-04	2.04E+06	2.04E+00	2.04E+03	2.04E+04	4.07E+04	6.11E+04	8.15E+04	1.02E+05	152760.75	2.04E+05
3.24E-04	1.99E+06	1.99E+00	1.99E+03	1.99E+04	3.98E+04	5.97E+04	7.96E+04	9.95E+04	149312.25	1.99E+05
3.25E-04	1.95E+06	1.95E+00	1.95E+03	1.95E+04	3.89E+04	5.84E+04	7.78E+04	9.73E+04	145941	1.95E+05
3.25E-04	1.90E+06	1.90E+00	1.90E+03	1.90E+04	3.80E+04	5.71E+04	7.61E+04	9.51E+04	142646.25	1.90E+05
3.26E-04	1.86E+06	1.86E+00	1.86E+03	1.86E+04	3.72E+04	5.58E+04	7.44E+04	9.30E+04	139425.75	1.86E+05
3.26E-04	1.82E+06	1.82E+00	1.82E+03	1.82E+04	3.63E+04	5.45E+04	7.27E+04	9.09E+04	136278	1.82E+05
3.26E-04	1.78E+06	1.78E+00	1.78E+03	1.78E+04	3.55E+04	5.33E+04	7.10E+04	8.88E+04	133201.5	1.78E+05
3.27E-04	1.74E+06	1.74E+00	1.74E+03	1.74E+04	3.47E+04	5.21E+04	6.94E+04	8.68E+04	130194	1.74E+05
3.27E-04	1.70E+06	1.70E+00	1.70E+03	1.70E+04	3.39E+04	5.09E+04	6.79E+04	8.48E+04	127254.75	1.70E+05
3.28E-04	1.66E+06	1.66E+00	1.66E+03	1.66E+04	3.32E+04	4.98E+04	6.63E+04	8.29E+04	124381.5	1.66E+05
3.28E-04	1.62E+06	1.62E+00	1.62E+03	1.62E+04	3.24E+04	4.86E+04	6.48E+04	8.10E+04	121573.5	1.62E+05
3.28E-04	1.58E+06	1.58E+00	1.58E+03	1.58E+04	3.17E+04	4.75E+04	6.34E+04	7.92E+04	118828.5	1.58E+05
3.29E-04	1.55E+06	1.55E+00	1.55E+03	1.55E+04	3.10E+04	4.65E+04	6.19E+04	7.74E+04	116145.75	1.55E+05
3.29E-04	1.51E+06	1.51E+00	1.51E+03	1.51E+04	3.03E+04	4.54E+04	6.05E+04	7.57E+04	113523.75	1.51E+05
3.30E-04	1.48E+06	1.48E+00	1.48E+03	1.48E+04	2.96E+04	4.44E+04	5.92E+04	7.40E+04	110960.25	1.48E+05
3.30E-04	1.45E+06	1.45E+00	1.45E+03	1.45E+04	2.89E+04	4.34E+04	5.78E+04	7.23E+04	108455.25	1.45E+05
3.30E-04	1.41E+06	1.41E+00	1.41E+03	1.41E+04	2.83E+04	4.24E+04	5.65E+04	7.07E+04	106006.5	1.41E+05
3.31E-04	1.38E+06	1.38E+00	1.38E+03	1.38E+04	2.76E+04	4.14E+04	5.53E+04	6.91E+04	103613.25	1.38E+05
3.31E-04	1.35E+06	1.35E+00	1.35E+03	1.35E+04	2.70E+04	4.05E+04	5.40E+04	6.75E+04	101274	1.35E+05
3.32E-04	1.32E+06	1.32E+00	1.32E+03	1.32E+04	2.64E+04	3.96E+04	5.28E+04	6.60E+04	98988	1.32E+05
3.32E-04	1.29E+06	1.29E+00	1.29E+03	1.29E+04	2.58E+04	3.87E+04	5.16E+04	6.45E+04	96753	1.29E+05
3.32E-04	1.26E+06	1.26E+00	1.26E+03	1.26E+04	2.52E+04	3.78E+04	5.04E+04	6.30E+04	94568.25	1.26E+05
3.33E-04	1.23E+06	1.23E+00	1.23E+03	1.23E+04	2.46E+04	3.70E+04	4.93E+04	6.16E+04	92433.75	1.23E+05
3.33E-04	1.20E+06	1.20E+00	1.20E+03	1.20E+04	2.41E+04	3.61E+04	4.82E+04	6.02E+04	90346.5	1.20E+05
3.34E-04	1.18E+06	1.18E+00	1.18E+03	1.18E+04	2.35E+04	3.53E+04	4.71E+04	5.89E+04	88307.25	1.18E+05
3.34E-04	1.15E+06	1.15E+00	1.15E+03	1.15E+04	2.30E+04	3.45E+04	4.60E+04	5.75E+04	86313	1.15E+05
3.34E-04	1.12E+06	1.12E+00	1.12E+03	1.12E+04	2.25E+04	3.37E+04	4.50E+04	5.62E+04	84364.5	1.12E+05
3.35E-04	1.10E+06	1.10E+00	1.10E+03	1.10E+04	2.20E+04	3.30E+04	4.40E+04	5.50E+04	82459.5	1.10E+05
3.35E-04	1.07E+06	1.07E+00	1.07E+03	1.07E+04	2.15E+04	3.22E+04	4.30E+04	5.37E+04	80598	1.07E+05
3.36E-04	1.05E+06	1.05E+00	1.05E+03	1.05E+04	2.10E+04	3.15E+04	4.20E+04	5.25E+04	78778.5	1.05E+05
3.36E-04	1.03E+06	1.03E+00	1.03E+03	1.03E+04	2.05E+04	3.08E+04	4.11E+04	5.13E+04	77000.25	1.03E+05
3.36E-04	1.00E+06	1.00E+00	1.00E+03	1.00E+04	2.01E+04	3.01E+04	4.01E+04	5.02E+04	75261.75	1.00E+05
3.37E-04	9.81E+05	9.81E-01	9.81E+02	9.81E+03	1.96E+04	2.94E+04	3.92E+04	4.91E+04	73575	9.81E+04
3.37E-04	9.59E+05	9.59E-01	9.59E+02	9.59E+03	1.92E+04	2.88E+04	3.84E+04	4.80E+04	71925	9.59E+04
3.38E-04	9.37E+05	9.37E-01	9.37E+02	9.37E+03	1.87E+04	2.81E+04	3.75E+04	4.69E+04	70275	9.37E+04
3.38E-04	9.16E+05	9.16E-01	9.16E+02	9.16E+03	1.83E+04	2.75E+04	3.66E+04	4.58E+04	68700	9.16E+04
3.38E-04	8.95E+05	8.95E-01	8.95E+02	8.95E+03	1.79E+04	2.69E+04	3.58E+04	4.48E+04	67125	8.95E+04
3.39E-04	8.75E+05	8.75E-01	8.75E+02	8.75E+03	1.75E+04	2.63E+04	3.50E+04	4.38E+04	65625	8.75E+04
3.39E-04	8.55E+05	8.55E-01	8.55E+02	8.55E+03	1.71E+04	2.57E+04	3.42E+04	4.28E+04	64125	8.55E+04
3.40E-04	8.36E+05	8.36E-01	8.36E+02	8.36E+03	1.67E+04	2.51E+04	3.34E+04	4.18E+04	62700	8.36E+04
3.40E-04	8.17E+05	8.17E-01	8.17E+02	8.17E+03	1.63E+04	2.45E+04	3.27E+04	4.09E+04	61275	8.17E+04
3.40E-04	7.99E+05	7.99E-01	7.99E+02	7.99E+03	1.60E+04	2.40E+04	3.20E+04	4.00E+04	59925	7.99E+04
3.41E-04	7.81E+05	7.81E-01	7.81E+02	7.81E+03	1.56E+04	2.34E+04	3.12E+04	3.91E+04	58575	7.81E+04
3.41E-04	7.63E+05	7.63E-01	7.63E+02	7.63E+03	1.53E+04	2.29E+04	3.05E+04	3.82E+04	57225	7.63E+04
3.42E-04	7.46E+05	7.46E-01	7.46E+02	7.46E+03	1.49E+04	2.24E+04	2.98E+04	3.73E+04	55950	7.46E+04
3.42E-04	7.29E+05	7.29E-01	7.29E+02	7.29E+03	1.46E+04	2.19E+04	2.92E+04	3.65E+04	54675	7.29E+04
3.42E-04	7.12E+05	7.12E-01	7.12E+02	7.12E+03	1.42E+04	2.14E+04	2.85E+04	3.56E+04	53400	7.12E+04
3.43E-04	6.96E+05	6.96E-01	6.96E+02	6.96E+03	1.39E+04	2.09E+04	2.78E+04	3.48E+04	52200	6.96E+04
3.43E-04	6.81E+05	6.81E-01	6.81E+02	6.81E+03	1.36E+04	2.04E+04	2.72E+04	3.41E+04	51075	6.81E+04
3.44E-04	6.65E+05	6.65E-01	6.65E+02	6.65E+03	1.33E+04	2.00E+04	2.66E+04	3.33E+04	49875	6.65E+04
3.44E-04	6.50E+05	6.50E-01	6.50E+02	6.50E+03	1.30E+04	1.95E+04	2.60E+04	3.25E+04	48750	6.50E+04
3.44E-04	6.36E+05	6.36E-01	6.36E+02	6.36E+03	1.27E+04	1.91E+04	2.54E+04	3.18E+04	47700	6.36E+04
3.45E-04	6.21E+05	6.21E-01	6.21E+02	6.21E+03	1.24E+04	1.86E+04	2.48E+04	3.11E+04	46575	6.21E+04
3.45E-04	6.07E+05	6.07E-01	6.07E+02	6.07E+03	1.21E+04	1.82E+04	2.43E+04	3.04E+04	45525	6.07E+04
3.46E-04	5.93E+05	5.93E-01	5.93E+02	5.93E+03	1.19E+04	1.78E+04	2.37E+04	2.97E+04	44475	5.93E+04
3.46E-04	5.80E+05	5.80E-01	5.80E+02	5.80E+03	1.16E+04	1.74E+04	2.32E+04	2.90E+04	43500	5.80E+04
3.46E-04	5.67E+05	5.67E-01	5.67E+02	5.67E+03	1.13E+04	1.70E+04	2.27E+04	2.84E+04	42525	5.67E+04
3.47E-04	5.54E+05	5.54E-01	5.54E+02	5.54E+03	1.11E+04	1.66E+04	2.22E+04	2.77E+04	41550	5.54E+04
3.47E-04	5.42E+05	5.42E-01	5.42E+02	5.42E+03	1.08E+04	1.63E+04	2.17E+04	2.71E+04	40650	5.42E+04
3.48E-04	5.29E+05	5.29E-01	5.29E+02	5.29E+03	1.06E+04	1.59E+04	2.12E+04	2.65E+04	39675	5.29E+04
3.48E-04	5.17E+05	5.17E-01	5.17E+02	5.17E+03	1.03E+04	1.55E+04	2.07E+04	2.59E+04	38775	5.17E+04
3.48E-04	5.06E+05	5.06E-01	5.06E+02	5.06E+03	1.01E+04	1.52E+04	2.02E+04	2.53E+04	37950	5.06E+04
3.49E-04	4.94E+05	4.94E-01	4.94E+02	4.94E+03	9.88E+03	1.48E+04	1.98E+04	2.47E+04	37050	4.94E+04
3.49E-04	4.83E+05	4.83E-01	4.83E+02	4.83E+03	9.66E+03	1.45E+04	1.93E+04	2.42E+04	36225	4.83E+04
3.50E-04	4.72E+05	4.72E-01	4.72E+02	4.72E+03	9.44E+03	1.42E+04	1.89E+04	2.36E+04	35400	4.72E+04
3.50E-04	4.62E+05	4.62E-01	4.62E+02	4.62E+03	9.24E+03	1.39E+04	1.85E+04	2.31E+04	34650	4.62E+04
3.50E-04	4.51E+05	4.51E-01	4.51E+02	4.51E+03	9.02E+03	1.35E+04	1.80E+04	2.26E+04	33825	4.51E+04
3.51E-04	4.41E+05	4.41E-01	4.41E+02	4.41E+03	8.82E+03	1.32E+04	1.76E+04	2.21E+04	33075	4.41E+04
3.51E-04	4.31E+05	4.31E-01	4.31E+02	4.31E+03	8.62E+03	1.29E+04	1.72E+04	2.16E+04	32325	4.31E+04
3.52E-04	4.21E+05	4.21E-01	4.21E+02	4.21E+03	8.42E+03	1.26E+04	1.68E+04	2.11E+04	31575	4.21E+04
3.52E-04	4.12E+05	4.12E-01	4.12E+02	4.12E+03	8.24E+03	1.24E+04	1.65E+04	2.06E+04	30900	4.12E+04
3.52E-04	4.03E+05	4.03E-01	4.03E+02	4.03E+03	8.06E+03	1.21E+04	1.61E+04	2.02E+04	30225	4.03E+04
3.53E-04	3.93E+05	3.93E-01	3.93E+02	3.93E+03	7.86E+03	1.18E+04	1.57E+04	1.97E+04	29475	3.93E+04
3.53E-04	3.85E+05	3.85E-01	3.85E+02	3.85E+03	7.70E+03	1.16E+04	1.54E+04	1.93E+04	28875	3.85E+04
3.54E-04	3.76E+05	3.76E-01	3.76E+02	3.76E+03	7.52E+03	1.13E+04	1.50E+04	1.88E+04	28200	3.76E+04
3.54E-04	3.67E+05	3.67E-01	3.67E+02	3.67E+03	7.34E+03	1.10E+04	1.47E+04	1.84E+04	27525	3.67E+04
3.54E-04	3.59E+05	3.59E-01	3.59E+02	3.59E+03	7.18E+03	1.08E+04	1.44E+04	1.80E+04	26925	3.59E+04
3.55E-04	3.51E+05	3.51E-01	3.51E+02	3.51E+03	7.02E+03	1.05E+04	1.40E+04	1.76E+04	26325	3.51E+04
3.55E-04	3.43E+05	3.43E-01	3.43E+02	3.43E+03	6.86E+03	1.03E+04	1.37E+04	1.72E+04	25725	3.43E+04
3.56E-04	3.35E+05	3.35E-01	3.35E+02	3.35E+03	6.70E+03	1.01E+04	1.34E+04	1.68E+04	25125	3.35E+04
3.56E-04	3.28E+05	3.28E-01	3.28E+02	3.28E+03	6.56E+03	9.84E+03	1.31E+04	1.64E+04	24600	3.28E+04
3.56E-04	3.20E+05	3.20E-01	3.20E+02	3.20E+03	6.40E+03	9.60E+03	1.28E+04	1.60E+04	24000	3.20E+04
3.57E-04	3.13E+05	3.13E-01	3.13E+02	3.13E+03	6.26E+03	9.39E+03	1.25E+04	1.57E+04	23475	3.13E+04
3.57E-04	3.06E+05	3.06E-01	3.06E+02	3.06E+03	6.12E+03	9.18E+03	1.22E+04	1.53E+04	22950	3.06E+04
3.58E-04	2.99E+05	2.99E-01	2.99E+02	2.99E+03	5.98E+03	8.97E+03	1.20E+04	1.50E+04	22425	2.99E+04
3.58E-04	2.92E+05	2.92E-01	2.92E+02	2.92E+03	5.84E+03	8.76E+03	1.17E+04	1.46E+04	21900	2.92E+04
3.58E-04	2.86E+05	2.86E-01	2.86E+02	2.86E+03	5.72E+03	8.58E+03	1.14E+04	1.43E+04	21450	2.86E+04
3.59E-04	2.79E+05	2.79E-01	2.79E+02	2.79E+03	5.58E+03	8.37E+03	1.12E+04	1.40E+04	20925	2.79E+04
3.59E-04	2.73E+05	2.73E-01	2.73E+02	2.73E+03	5.46E+03	8.19E+03	1.09E+04	1.37E+04	20475	2.73E+04
3.60E-04	2.67E+05	2.67E-01	2.67E+02	2.67E+03	5.34E+03	8.01E+03	1.07E+04	1.34E+04	20025	2.67E+04
3.60E-04	2.61E+05	2.61E-01	2.61E+02	2.61E+03	5.22E+03	7.83E+03	1.04E+04	1.31E+04	19575	2.61E+04
3.60E-04	2.55E+05	2.55E-01	2.55E+02	2.55E+03	5.10E+03	7.65E+03	1.02E+04	1.28E+04	19125	2.55E+04
3.61E-04	2.49E+05	2.49E-01	2.49E+02	2.49E+03	4.98E+03	7.47E+03	9.96E+03	1.25E+04	18675	2.49E+04
3.61E-04	2.44E+05	2.44E-01	2.44E+02	2.44E+03	4.88E+03	7.32E+03	9.76E+03	1.22E+04	18300	2.44E+04
3.62E-04	2.38E+05	2.38E-01	2.38E+02	2.38E+03	4.76E+03	7.14E+03	9.52E+03	1.19E+04	17850	2.38E+04
3.62E-04	2.33E+05	2.33E-01	2.33E+02	2.33E+03	4.66E+03	6.99E+03	9.32E+03	1.17E+04	17475	2.33E+04
3.62E-04	2.27E+05	2.27E-01	2.27E+02	2.27E+03	4.54E+03	6.81E+03	9.08E+03	1.14E+04	17025	2.27E+04
3.63E-04	2.22E+05	2.22E-01	2.22E+02	2.22E+03	4.44E+03	6.66E+03	8.88E+03	1.11E+04	16650	2.22E+04
3.63E-04	2.17E+05	2.17E-01	2.17E+02	2.17E+03	4.34E+03	6.51E+03	8.68E+03	1.09E+04	16275	2.17E+04
3.64E-04	2.12E+05	2.12E-01	2.12E+02	2.12E+03	4.24E+03	6.36E+03	8.48E+03	1.06E+04	15900	2.12E+04
3.64E-04	2.08E+05	2.08E-01	2.08E+02	2.08E+03	4.16E+03	6.24E+03	8.32E+03	1.04E+04	15600	2.08E+04
3.64E-04	2.03E+05	2.03E-01	2.03E+02	2.03E+03	4.06E+03	6.09E+03	8.12E+03	1.02E+04	15225	2.03E+04
3.65E-04	1.98E+05	1.98E-01	1.98E+02	1.98E+03	3.96E+03	5.94E+03	7.92E+03	9.90E+03	14850	1.98E+04
3.65E-04	1.94E+05	1.94E-01	1.94E+02	1.94E+03	3.88E+03	5.82E+03	7.76E+03	9.70E+03	14550	1.94E+04
3.66E-04	1.89E+05	1.89E-01	1.89E+02	1.89E+03	3.78E+03	5.67E+03	7.56E+03	9.45E+03	14175	1.89E+04
3.66E-04	1.85E+05	1.85E-01	1.85E+02	1.85E+03	3.70E+03	5.55E+03	7.40E+03	9.25E+03	13875	1.85E+04
3.66E-04	1.81E+05	1.81E-01	1.81E+02	1.81E+03	3.62E+03	5.43E+03	7.24E+03	9.05E+03	13575	1.81E+04
3.67E-04	1.77E+05	1.77E-01	1.77E+02	1.77E+03	3.54E+03	5.31E+03	7.08E+03	8.85E+03	13275	1.77E+04
3.67E-04	1.73E+05	1.73E-01	1.73E+02	1.73E+03	3.46E+03	5.19E+03	6.92E+03	8.65E+03	12975	1.73E+04
3.68E-04	1.69E+05	1.69E-01	1.69E+02	1.69E+03	3.38E+03	5.07E+03	6.76E+03	8.45E+03	12675	1.69E+04
3.68E-04	1.65E+05	1.65E-01	1.65E+02	1.65E+03	3.30E+03	4.95E+03	6.60E+03	8.25E+03	12375	1.65E+04
3.68E-04	1.61E+05	1.61E-01	1.61E+02	1.61E+03	3.22E+03	4.83E+03	6.44E+03	8.05E+03	12075	1.61E+04
3.69E-04	1.58E+05	1.58E-01	1.58E+02	1.58E+03	3.16E+03	4.74E+03	6.32E+03	7.90E+03	11850	1.58E+04
3.69E-04	1.54E+05	1.54E-01	1.54E+02	1.54E+03	3.08E+03	4.62E+03	6.16E+03	7.70E+03	11550	1.54E+04
3.70E-04	1.51E+05	1.51E-01	1.51E+02	1.51E+03	3.02E+03	4.53E+03	6.04E+03	7.55E+03	11325	1.51E+04
3.70E-04	1.47E+05	1.47E-01	1.47E+02	1.47E+03	2.94E+03	4.41E+03	5.88E+03	7.35E+03	11025	1.47E+04
3.70E-04	1.44E+05	1.44E-01	1.44E+02	1.44E+03	2.88E+03	4.32E+03	5.76E+03	7.20E+03	10800	1.44E+04
3.71E-04	1.41E+05	1.41E-01	1.41E+02	1.41E+03	2.82E+03	4.23E+03	5.64E+03	7.05E+03	10575	1.41E+04
3.71E-04	1.38E+05	1.38E-01	1.38E+02	1.38E+03	2.76E+03	4.14E+03	5.52E+03	6.90E+03	10350	1.38E+04
3.72E-04	1.35E+05	1.35E-01	1.35E+02	1.35E+03	2.70E+03	4.05E+03	5.40E+03	6.75E+03	10125	1.35E+04
3.72E-04	1.31E+05	1.31E-01	1.31E+02	1.31E+03	2.62E+03	3.93E+03	5.24E+03	6.55E+03	9825	1.31E+04
3.72E-04	1.29E+05	1.29E-01	1.29E+02	1.29E+03	2.58E+03	3.87E+03	5.16E+03	6.45E+03	9675	1.29E+04
3.73E-04	1.26E+05	1.26E-01	1.26E+02	1.26E+03	2.52E+03	3.78E+03	5.04E+03	6.30E+03	9450	1.26E+04
3.73E-04	1.23E+05	1.23E-01	1.23E+02	1.23E+03	2.46E+03	3.69E+03	4.92E+03	6.15E+03	9225	1.23E+04
3.74E-04	1.20E+05	1.20E-01	1.20E+02	1.20E+03	2.40E+03	3.60E+03	4.80E+03	6.00E+03	9000	1.20E+04
3.74E-04	1.17E+05	1.17E-01	1.17E+02	1.17E+03	2.34E+03	3.51E+03	4.68E+03	5.85E+03	8775	1.17E+04
3.74E-04	1.15E+05	1.15E-01	1.15E+02	1.15E+03	2.30E+03	3.45E+03	4.60E+03	5.75E+03	8625	1.15E+04
3.75E-04	1.12E+05	1.12E-01	1.12E+02	1.12E+03	2.24E+03	3.36E+03	4.48E+03	5.60E+03	8400	1.12E+04
3.75E-04	1.10E+05	1.10E-01	1.10E+02	1.10E+03	2.20E+03	3.30E+03	4.40E+03	5.50E+03	8250	1.10E+04
3.76E-04	1.07E+05	1.07E-01	1.07E+02	1.07E+03	2.14E+03	3.21E+03	4.28E+03	5.35E+03	8025	1.07E+04
3.76E-04	1.05E+05	1.05E-01	1.05E+02	1.05E+03	2.10E+03	3.15E+03	4.20E+03	5.25E+03	7875	1.05E+04
3.76E-04	1.02E+05	1.02E-01	1.02E+02	1.02E+03	2.04E+03	3.06E+03	4.08E+03	5.10E+03	7650	1.02E+04
3.77E-04	1.00E+05	1.00E-01	1.00E+02	1.00E+03	2.00E+03	3.00E+03	4.00E+03	5.00E+03	7500	1.00E+04
3.77E-04	9.77E+04	9.77E-02	9.77E+01	9.77E+02	1.95E+03	2.93E+03	3.91E+03	4.89E+03	7327.5	9.77E+03
3.78E-04	9.55E+04	9.55E-02	9.55E+01	9.55E+02	1.91E+03	2.87E+03	3.82E+03	4.78E+03	7162.5	9.55E+03
3.78E-04	9.33E+04	9.33E-02	9.33E+01	9.33E+02	1.87E+03	2.80E+03	3.73E+03	4.67E+03	6997.5	9.33E+03
3.78E-04	9.12E+04	9.12E-02	9.12E+01	9.12E+02	1.82E+03	2.74E+03	3.65E+03	4.56E+03	6840	9.12E+03
3.79E-04	8.92E+04	8.92E-02	8.92E+01	8.92E+02	1.78E+03	2.68E+03	3.57E+03	4.46E+03	6690	8.92E+03
3.79E-04	8.72E+04	8.72E-02	8.72E+01	8.72E+02	1.74E+03	2.62E+03	3.49E+03	4.36E+03	6540	8.72E+03
3.80E-04	8.52E+04	8.52E-02	8.52E+01	8.52E+02	1.70E+03	2.56E+03	3.41E+03	4.26E+03	6390	8.52E+03
3.80E-04	8.33E+04	8.33E-02	8.33E+01	8.33E+02	1.67E+03	2.50E+03	3.33E+03	4.17E+03	6247.5	8.33E+03
3.80E-04	8.14E+04	8.14E-02	8.14E+01	8.14E+02	1.63E+03	2.44E+03	3.26E+03	4.07E+03	6105	8.14E+03
